"rank","game","bgg_id","year","recommendation","overall","predicted","designer","mechanism","theme","type","confidence","num_ratings","complexity","designers","designer_hits","designer_adjustment","ownership","matched_bgg_ids","expansion","thumbs","players","play_time","location"
"1","Star Trek: Captain's Chair – To Boldly Go","448086","2026","Worth a demo","8.5","9.64","7.63","7.09","7.18","7.26","low","271","4.19","Nigel Buckle / Dávid Turczi / Adam Turczi","Nigel Buckle / Dávid Turczi","0.28","new","","False","61","1-2","60-120 min",""
"1","Aeon Trespass: Odyssey","242705","2022","Must investigate","8.32","9.53",,"7.34","7.12","7.22","high","2781","4.75","Marcin Wełnicki","","0","new","","False","36","1-4","90 min","4-E200"
"1","Thessaloniki","463637","2026","Worth a demo","8.02","8.39","8.19","7.26","7.62","7.17","low","23","3.33","Federico Pierlorenzi / Daniele Tascini","Daniele Tascini","1.11","new","","False","346","1-4","90-120 min","3G200"
"1","Infinity: HexaDome Legends","474483","2026","Worth a demo","7.93","8.79",,"7.31","7.18","7.06","low","21","3","Alberto Abal / Jesús Fuster / David Rosillo","","0","new","","False","13","2-2","60-90 min","1-D113"
"1","Kingdoms Forlorn: Dragons, Devils and Kings","297510","2025","Worth a demo","7.91","8.76",,"7.08","7.18","7.24","medium","631","4.69","Marcin Wełnicki","","0","new","","False","49","1-5","unknown","4-E200"
"1","Near: Echoes of Civilizations","471157","2026","Watch for reviews","7.9","8.62","7.22","7.23","7.22","7.06","insufficient","5","3","Matthieu Podevin","Matthieu Podevin","0.32","new","","False","178","2-4","60-120 min","Blackrock and La Boite de Jeu booth: 6K400"
"1","Steam & Cheese","473225","2027","Watch for reviews","7.9","8.71",,"7.18","7.06","7.26","insufficient","5","4","Alexander Rein","","0","new","","False","22","1-4","90-180 min","3-C300"
"1","Schrott","463950","2027","Worth a demo","7.86","8.64",,"7.12","7.32","7.26","low","17","4.17","Timo Zett","","0","new","","False","18","2-4","60-120 min",""
"1","The Elder Scrolls: Betrayal of the Second Era","356080","2025","Worth a demo","7.84","8.6",,"7.24","6.97","7.26","high","4290","4.09","Josh J. Carlson / Michael Gernes / Logan Giannini / Ryan Howard / Salem Scott / Josh Wielgus","","0","new","","False","90","1-4","120-240 min",""
"1","Horror on the Orient Express: The Board Game","394897","2026","Worth a demo","7.81","8.26","7.67","7.04","7.09","7.27","medium","312","3.81","Michał Gołąb Gołębiowski / Adam Kwapiński","Adam Kwapiński","0.34","new","","False","72","1-4","90-120 min",""
"1","Enormity","430350","2026","Worth a demo","7.81","8.51",,"7.17","7.37","7.26","low","40","4","Marcin Wełnicki","","0","new","","False","55","1-4","60-90 min","4-E200"
"1","I C E: Collector","430293","2026","Worth a demo","7.78","8.46",,"7.34","7.46","7.06","low","22","3","Bragou / Sams","","0","new","","False","44","1-5","75-120 min","Booth 3J300"
"1","7 Ages: Collector's Edition","409668","2026","Watch for reviews","7.77","8.42",,"7.17","7.55","7.27","insufficient","9","3.67","Harry Rowland","","0","new","","False","11","1-7","77-1200 min",""
"1","Sitting Bull","468974","2026","Watch for reviews","7.76","8.56",,"7.37","5.82","7.06","insufficient","6","3","Perepau Llistosella","","0","new","","False","84","2-4","30-45 min","4G110"
"1","Ports of Call: The Board Game","466790","2026","Worth a demo","7.74","8.4",,"7.29","7.34","7.06","low","20","3","Keld V. Rasmussen","","0","new","","False","74","2-4","90-240 min","2E121"
"1","Ozob: A Cyberpunk Board Game","423579","2026","Worth a demo","7.74","8.5","6.76","7.1","7.25","7.06","low","62","3","Jordy Adan / Renato Simões","Jordy Adan","-0.14","new","","False","24","1-4","90-120 min","5-G700"
"1","Dark Omen","381139","2026","Watch for reviews","7.7","8.28",,"7.25","7.34","7.22","insufficient","7","3.5","Lukas Hüttner / Errol Stryker","","0","new","","False","16","1-4","120-720 min",""
"1","AstroNavigators","305949","2026","Worth a demo","7.7","8.32",,"7.16","7.28","7.22","low","12","3.5","Vincent Verhoeven","","0","new","","False","12","1-4","60-120 min","4A115"
"1","Neon Hope","421246","2026","Worth a demo","7.68","8.33",,"7.2","6.92","7.06","low","102","3","Francesco Grothe / Dominik Schönleben","","0","new","","False","154","1-4","90-120 min","4G200"
"1","Unmatched: Stars and Stripes","451527","2026","Worth a demo","7.67","8.11","7.51","7.26","6.89","6.88","low","154","2.5","Michael Cozzolino / Rob Daviau / Chet Dudick / Jesse G. Harchack / Justin D. Jacobson / Charles Peters","Rob Daviau","0.58","new","","False","40","2-4","20-40 min","6F200"
"1","Queen Alice","456236","2026","Worth a demo","7.66","8.24",,"7.03","7.48","7.27","low","189","3.92","Héctor Carrión Benavent / David Heras Pino","","0","new","","False","1010","1-4","30-120 min","3-U210"
"1","Tibetana","372148","2026","Worth a demo","7.66","8.32",,"7.4","6.57","6.97","low","20","2.75","Borja Barinaga / José Céspedes / Daniel Pons","","0","new","","False","26","2-2","30-60 min","3C120"
"1","Avalon: The Riven Veil","402276","2026","Worth a demo","7.65","8.21",,"7.23","7.08","7.26","medium","652","3.65","Jamie Jolly","","0","new","","False","1181","2-4","90-120 min",""
"1","Níjar","455881","2026","Worth a demo","7.63","8.19",,"7.21","7.23","7.15","low","22","3.25","David Bernal","","0","new","","False","447","1-4","60-120 min","3U115 - PERRO LOKO GAMES"
"1","Era of Atlantis","385960","2026","Worth a demo","7.63","8.15",,"7.17","7.29","7.25","low","20","3.6","Channing Jones","","0","new","","False","11","3-5","120 min","3-M110"
"1","Duel of Meloch","473061","2026","Worth a demo","7.6","7.98","7.09","7.35","7.35","7.24","medium","338","3.58","Jamey Stegmaier","Jamey Stegmaier","-0.11","new","","False","55","1-2","45 min","3Q300"
"1","Compile: Main 3","469090","2026","Worth a demo","7.59","8.24",,"7.09","6.94","6.88","low","38","2.5","Michael Yang","","0","new","","False","136","1-2","30-40 min","2E610"
"1","Yinzi: Ming","369938","2025","Worth a demo","7.56","7.99",,"7.26","7.35","7.26","low","17","4","Costa / Rôla","","0","new","","False","72","2-4","90-180 min","4-G600"
"1","Undaunted 2200: Revolution","464543","2026","Watch for reviews","7.54","8.07","7.1","7.14","7.09","6.72","insufficient","5","2","Trevor Benjamin / David Thompson (I)","Trevor Benjamin / David Thompson (I)","0.22","new","464543","False","35","2-4","45-60 min",""
"1","Natera: New Beginning","379761","2025","Worth a demo","7.53","7.99",,"7.24","7.28","7.1","medium","564","3.11","Eric Fugere / Hugo Tremblay-Ledoux","","0","new","","False","46","1-4","60-120 min","3-C300"
"1","Toy Store 51","456573","2026","Watch for reviews","7.52","8.16",,"6.96","6.94","6.72","insufficient","6","2","Adrián Alba","","0","new","","False","96","1-4","20-30 min","3-T100"
"1","Carl von Linné","462012","2026","Worth a demo","7.51","7.89",,"7.35","7.03","7.27","low","17","3.67","Michal Peichl","","0","new","","False","526","1-4","60-120 min",""
"1","Rival Seas","458399","2026","Worth a demo","7.51","7.93",,"7.24","7.23","7.22","low","11","3.5","David Ausloos","","0","new","","False","191","2-4","70-100 min",""
"1","Railways of the Lost Atlas","365357","2024","Worth a demo","7.51","7.97",,"7.1","7.04","7.27","medium","667","3.85","Kevin Delger / Jacob Schacht","","0","new","","False","49","1-5","60-300 min","2A620"
"1","Prague Unseen","457410","2026","Worth a demo","7.5","7.88",,"7.53","6.97","7.11","low","51","3.14","Jindřich Pavlásek / Michal Peichl / Petr Vojtěch","","0","new","","False","443","1-4","120 min","4-D400"
"1","Hoplomachus: Victorum","313889","2023","Worth a demo","7.5","7.93",,"7.28","6.81","7.24","high","2017","3.56","Josh J. Carlson / Adam Carlson / Logan Giannini","","0","new","","False","34","1-1","60-90 min",""
"1","Pioneers of Pagonia: The Board Game","469369","2028","Watch for reviews","7.49","8.03","6.62","7.12","7.09","7.27","insufficient","3","3.67","Michael Keller (II) / Markus Lehmann","Michael Keller (II)","-0.66","new","","False","97","1-4","90-180 min","8D315"
"1","Wildscape","462932","2026","Worth a demo","7.48","7.9","6.95","7.12","6.84","7.22","low","33","3.5","Sebastian Bleasdale","Sebastian Bleasdale","0.15","new","","False","228","1-4","30-120 min",""
"1","Greenwood","469383","2026","Worth a demo","7.48","7.92",,"7.26","6.6","7.17","low","25","3.33","Christos Giannakoulas / Manolis Zachariadis","","0","new","","False","135","1-4","40-160 min","3Q300"
"1","Recall","446493","2025","Worth a demo","7.47","7.76",,"7.39","7.59","7.25","high","1577","3.61","Helge Meissner / Kristian Amundsen Østby / Kjetil Svendsen / Anna Wermlund","","0","new","","False","88","1-4","90 min",""
"1","II World War 1939 - 1945","475506","2026","Watch for reviews","7.44","7.94",,"7.3","7.12","6.53","insufficient","3","1","Carlos Diaz Narvaez","","0","new","","False","177","2-3","90-120 min","3N300"
"1","John Company: Second Edition","332686","2022","Worth a demo","7.44","7.82","6.78","7.19","7.4","7.26","high","5704","4.45","Cole Wehrle","Cole Wehrle","-0.44","new","","False","30","1-6","90-240 min",""
"1","I C E: Second Edition","417219","2026","Worth a demo","7.43","7.76",,"7.34","7.46","7","low","204","2.83","Bragou / Sams","","0","new","","False","73","1-5","75-120 min","Booth 3J300"
"1","Northgreen","471165","2026","Watch for reviews","7.42","7.9","6.45","7.33","7.05","7.26","insufficient","8","4","Thorsten Hanson / Andreas Odendahl","Andreas Odendahl","-0.98","new","","False","309","1-4","60-120 min","4-J500"
"1","Lionwake","456018","2027","Worth a demo","7.42","7.85",,"7.1","6.76","7.06","low","17","3","Duke Su","","0","new","","False","66","1-4","60-120 min","5H400"
"1","Drillers","465669","2026","Worth a demo","7.41","7.84",,"7.09","7.24","6.93","medium","668","2.68","Roman Bednář / Adam Španěl","","0","new","","False","607","1-4","30-120 min",""
"1","Bologna","473556","2026","Watch for reviews","7.41","7.92",,"7.08","6.85","6.72","insufficient","3","2","Martin Holeksa / Robert Milička","","0","new","","False","209","2-2","30 min","2C145"
"1","Vantage","420033","2025","Worth a demo","7.4","7.73","7.09","7.19","7.21","6.83","high","7763","2.34","Jamey Stegmaier","Jamey Stegmaier","-0.11","new","","False","84","1-6","120-180 min","3Q300"
"1","Everdell Emerland","455843","2026","Worth a demo","7.4","7.84",,"6.97","6.72","7.12","medium","543","3.19","James A. Wilson / Clarissa A. Wilson","","0","new","","False","64","1-4","30-120 min",""
"1","Dice Quest: The Dunwich Horror","456571","2026","Watch for reviews","7.39","7.86",,"7.04","7.11","6.72","insufficient","4","2","Adrián Alba","","0","new","","False","34","1-3","40-60 min","3Q115"
"1","The Planet King","316704","2024","Worth a demo","7.39","7.75",,"7.01","7.24","7.18","low","147","3.38","Ivan Notario","","0","new","","False","25","1-2","30-240 min","3N300"
"1","Panopticon","429150","2027","Worth a demo","7.39","7.71",,"7.21","7.05","7.22","low","21","3.5","Christian Costanzo / Emanuele Gemme / Carlo Alberto Iocco","","0","new","","False","10","2-5","90-120 min",""
"1","Three Sisters: Harvest Edition","436127","2026","Worth a demo","7.38","7.69","7.08","7.1","7.1","6.99","low","195","2.8","Adam Hill / Ben Pinchback / Matt Riddle","Adam Hill","0.19","new","","False","102","1-4","30-60 min",""
"1","Orloj: The Prague Astronomical Clock","429405","2025","Worth a demo","7.38","7.68",,"7.31","6.82","7.25","high","2244","3.61","Abraham Sanchez Hermida / Paloma J. Pascual","","0","new","429405","False","91","1-4","60-120 min",""
"1","The Old Ones of El Dorado","449260","2026","Worth a demo","7.38","7.67",,"7.25","7.5","7.06","low","12","3","Bruno Liguori Sia","","0","new","","False","87","1-4","60-120 min",""
"1","The Old King's Crown","357873","2025","Worth a demo","7.38","7.8",,"6.87","6.57","7.27","high","4283","3.71","Pablo Clark","","0","new","","False","76","1-4","60-120 min",""
"1","Lords of Heaven","421595","2026","Worth a demo","7.38","7.68",,"7.28","6.83","7.22","low","23","3.5","Aleksander Jagodziński","","0","new","","False","24","2-4","60-120 min",""
"1","Outremer","449090","2025","Worth a demo","7.37","7.63",,"7.22","7.18","7.27","low","63","3.67","Michail Alexandrov / Olga Ilchenko / Stanislav Krasnov","","0","new","","False","57","2-4","120-180 min","6.H110"
"1","Dice Quest: The Tower of the Elephant","456572","2026","Watch for reviews","7.37","7.83",,"7.09","6.9","6.72","insufficient","5","2","Adrián Alba","","0","new","","False","32","1-2","40-60 min","3Q115"
"1","Tenpenny Parks: Collector's Edition","455900","2026","Worth a demo","7.36","7.64",,"7.33","7.24","7.06","low","85","3","Nate Linhart","","0","new","","False","74","1-5","45-75 min","4-G500"
"1","Entropy","462941","2026","Worth a demo","7.35","7.65","6.7","7.19","7.59","7.23","medium","496","3.54","Tommaso Battista / Simone Luciani / Nestore Mangone","Simone Luciani / Nestore Mangone","-0.47","new","","False","656","1-4","90-150 min","3G200"
"1","Bean to Bar","444527","2025","Worth a demo","7.35","7.48",,"7.55","7.66","7.22","low","38","3.5","Masaki Suga (須賀 正樹)","","0","new","","False","77","2-4","90-180 min","3G515"
"1","Western Legends Stories","420894","2026","Worth a demo","7.35","7.65",,"7.33","6.85","7.06","low","29","3","Hervé Lemaître","","0","new","","False","75","1-5","90 min",""
"1","Crimson Keep","428015","2026","Worth a demo","7.35","7.71",,"7.12","6.74","7.06","low","18","3","Nick Warren","","0","new","","False","59","1-2","60-120 min","4-E225"
"1","Grey Eminence: Heart of Europe","464134","2027","Watch for reviews","7.35","7.67",,"7.16","7.04","7.06","insufficient","3","3","Jordan Kouzmanoff","","0","new","","False","9","1-5","90-180 min",""
"1","Stonesaga","356944","2026","Worth a demo","7.34","7.69",,"6.93","7","7.19","low","286","3.39","Max Brooke / Luke Eddy","","0","new","","False","121","1-4","60-120 min","2C130"
"1","All You Can Chili","463489","2026","Watch for reviews","7.34","7.94",,"6.82","6.52","6.53","insufficient","5","1","Dario Massa","","0","new","","False","16","2-6","15-30 min",""
"1","Kingdom Come: Deliverance – The Board Game","473897","2026","Worth a demo","7.33","7.6","7.01","7.04","6.93","7.27","low","90","3.75","Vlaada Chvátil / Tomáš Holek","Vlaada Chvátil / Tomáš Holek","-0.09","new","","False","721","1-4","120-320 min",""
"1","The Last Squadron","475778","2026","Watch for reviews","7.33","7.82",,"7.03","6.94","6.53","insufficient","1","1","José Muñoz Gómez","","0","new","","False","50","1-4","15-30 min","3Q115"
"1","Upland & Prairie","475440","2026","Watch for reviews","7.33","7.74","7.1","7.09","6.79","6.53","insufficient","1","1","Peer Sylvester","Peer Sylvester","0.51","new","","False","39","2-4","15-25 min",""
"1","Arctica","423309","2027","Worth a demo","7.32","7.67",,"7.02","6.69","7.15","low","84","3.25","Rémi Mathieu / Sams","","0","new","","False","130","1-4","60-90 min","Booth 3J300"
"1","Ladybird","457313","2026","Worth a demo","7.32","7.78",,"6.82","6.7","6.88","low","37","2.5","Michael Løhde Andersen / Morten Blaabjerg","","0","new","","False","49","1-4","30-90 min","5-G125"
"1","Ka'an: Cities in the Sky","472132","2027","Worth a demo","7.31","7.69",,"7.11","6.72","6.88","low","37","2.5","Diego Burgos","","0","new","","False","117","2-4","30-60 min",""
"1","Go West","470497","2026","Watch for reviews","7.31","7.76",,"6.91","6.88","6.72","insufficient","5","2","Stefan Freund","","0","new","","False","89","1-4","60-90 min","3-C300"
"1","Covenant","429863","2025","Worth a demo","7.31","7.53",,"7.22","6.97","7.27","high","1935","3.72","Germán P. Millán","","0","new","","False","38","1-4","100 min",""
"1","-60°","474125","2026","Worth a demo","7.3","7.61","6.7","7.01","7.4","7.27","low","19","3.67","Alexander Pfister / Peter Prinz","Alexander Pfister","-0.32","new","","False","781","1-4","120-180 min","3-C115"
"1","Timespan","462479","2026","Worth a demo","7.3","7.42",,"7.54","7.71","7.06","low","23","3","Kenneth Minde / Kristian Amundsen Østby","","0","new","","False","543","1-5","90 min","3-F110"
"1","Molecools","475433","2026","Watch for reviews","7.3","7.82",,"6.78","6.89","6.53","insufficient","2","1","Michiel de Wit","","0","new","","False","12","2-5","15 min",""
"1","The Queen's Dilemma","341870","2026","Worth a demo","7.29","7.7","6.8","6.82","7.05","7.02","low","194","2.9","Hjalmar Hach / Lorenzo Silva","Hjalmar Hach / Lorenzo Silva","0.09","new","","False","70","3-6","60-90 min","6B115"
"1","Magic Wands","468586","2026","Worth a demo","7.28","7.72",,"6.97","6.48","6.72","low","12","2","Ryusei Nakata","","0","new","","False","94","2-5","30 min",""
"1","Trencadís: A Mosaic of Words","473927","2026","Watch for reviews","7.27","7.76",,"6.88","6.59","6.53","insufficient","4","1","Eugeni Castaño / Óscar Romero","","0","new","","False","35","2-5","25 min","4.D120"
"1","Dutch Resistance: Orange Shall Overcome!","327266","2023","Worth a demo","7.27","7.49",,"7.15","7.13","7.12","medium","438","3.18","Marcel Köhler","","0","new","","False","33","1-5","90-180 min","2E440"
"1","Wikingerschafe","475442","2026","Watch for reviews","7.26","7.69",,"7","6.47","6.72","insufficient","1","2","Kai Starck","","0","new","","False","54","2-4","20-45 min","3-H300"
"1","Legions of Kadmon","428848","2026","Worth a demo","7.26","7.63",,"7.02","6.86","6.72","low","13","2","Joshua Dharmawan","","0","new","","False","13","2-4","75-150 min",""
"1","Wine & Cheese","461919","2026","Watch for reviews","7.25","7.36","7.16","6.99","7.47","7.12","low","205","3.19","Scott Almes","Scott Almes","0.1","new","","False","118","2-2","45-75 min",""
"1","The Trial of the Forest","449725","2026","Worth a demo","7.25","7.6",,"6.88","6.79","6.97","low","63","2.75","Giancarlo Spinelli","","0","new","","False","108","2-4","60-120 min","7B111"
"1","PuffiNova","455544","2026","Worth a demo","7.25","7.54",,"7.37","6.54","6.83","low","13","2.33","Juhana Keskinen / Vilma Vihervaara","","0","new","","False","59","1-5","30-90 min","6-D109"
"1","Tea & Rum","462017","2026","Worth a demo","7.25","7.56","6.61","7.44","6.77","7.06","low","14","3","Fabien Gridel","Fabien Gridel","-0.46","new","","False","49","2-4","60-120 min",""
"1","PowerPunch!","447261","2027","Watch for reviews","7.25","7.69",,"6.75","6.72","6.72","insufficient","5","2","Roberto Panetta / Eric Speed","","0","new","","False","46","2-2","20-40 min","Hall 4 4A415"
"1","Gamma Extra","465626","2026","Watch for reviews","7.24","7.71",,"6.66","6.51","6.72","low","13","2","Eloi Pujadas","","0","new","","False","82","2-6","15-30 min",""
"1","Kalypso","446453","2026","Watch for reviews","7.23","7.55",,"6.97","6.97","6.83","low","38","2.33","Gilles Turbide","","0","new","","False","373","1-4","45-60 min","3-R400"
"1","Moytura","447252","2026","Watch for reviews","7.23","7.37","7.1","7.28","7.22","6.82","medium","486","2.29","Trevor Benjamin / David Thompson (I)","Trevor Benjamin / David Thompson (I)","0.22","new","","False","234","1-2","45 min",""
"1","Elementica","469261","2026","Watch for reviews","7.23","7.52",,,,"7.06","low","17","3","Akashi","","0","new","","False","65","1-4","60-100 min","5-K400"
"1","Ra","12","1999","Watch for reviews","7.23","7.47","7.12","6.82","7.32","6.82","high","32996","2.3","Reiner Knizia","Reiner Knizia","0.55","new","","False","60","2-5","45-60 min","3U100"
"1","Line of Fire: Burnt Moon","427263","2025","Watch for reviews","7.23","7.4","7.1","6.97","7.09","7.06","low","145","3","Trevor Benjamin / David Thompson (I)","Trevor Benjamin / David Thompson (I)","0.22","new","","False","7","2-2","20-30 min","2E440"
"1","Diables","469504","2026","Watch for reviews","7.22","7.3",,"7.44","7.07","7.22","low","23","3.5","Dani Garcia","","0","new","","False","525","1-4","45-120 min","3A400"
"1","Grow Sky","428682","2024","Watch for reviews","7.22","7.45",,"7.24","7.02","6.88","low","157","2.5","","","0","new","","False","101","1-4","45-90 min",""
"1","Into the Machine","446670","2026","Watch for reviews","7.22","7.45",,"7.21","7","6.88","low","71","2.5","Kasper Lapp","","0","new","","False","73","2-5","45-60 min",""
"1","Heroes II: Write & Conquer","450332","2025","Watch for reviews","7.22","7.44",,"6.96","7","7.17","low","38","3.33","Egor Nikolaev / Yuri Zhuravljov","","0","new","","False","48","2-4","60 min","6.H110"
"1","Eternal Decks","424981","2025","Watch for reviews","7.21","7.5",,"6.97","6.72","6.99","high","3163","2.83","Hiroken","","0","new","","False","158","1-4","30-40 min",""
"1","The Book Women","474888","2027","Watch for reviews","7.2","7.35",,"7.22","7.06","7.06","insufficient","6","3","David Bernal / Eugeni Castaño","","0","new","","False","463","1-4","60-120 min","3A400"
"1","Cozy Stickerville","456440","2026","Watch for reviews","7.2","7.28","7.5","7.05","7.33","6.54","high","2981","1.22","Corey Konieczka","Corey Konieczka","0.5","new","","False","79","1-6","30 min",""
"1","Ostia","347767","2022","Watch for reviews","7.2","7.36",,"7.25","7.05","7.01","high","1692","2.88","Totsuca Chuo","","0","new","","False","57","1-4","100-120 min","3-C300"
"1","Gaudí","457557","2026","Watch for reviews","7.19","7.4",,"7.09",,"7.06","low","28","3","Dani Garcia","","0","new","","False","625","1-4","60-100 min","3D600"
"1","Axia: Slayer Combo","469223","2026","Watch for reviews","7.19","7.47",,"7.16","6.56","6.83","low","52","2.33","Javier Martínez Gómez","","0","new","","False","368","1-4","30-45 min","3P115"
"1","The Glasgow Train Robbery","450539","2026","Watch for reviews","7.19","7.5",,"6.8","6.41","7.06","low","110","3","Eloi Pujadas / Ferran Renalias","","0","new","","False","331","2-2","30-45 min","Hall 3-A400"
"1","Greylune","459401","2026","Watch for reviews","7.19","7.33",,"7.4","6.66","7.09","low","95","3.09","William Attia","","0","new","","False","312","2-4","45-90 min","6K400"
"1","Wild World","461255","2026","Watch for reviews","7.19","7.34",,"7.4",,"6.93","insufficient","4","2.67","Eilif Svensson / Åsmund Svensson / Viljar Opdal Svensson","","0","new","","False","194","1-4","45-90 min",""
"1","Distop-IA","447279","2025","Watch for reviews","7.19","7.5",,"6.95","6.96","6.72","low","59","2","Anna Lucini Canals / Pau Moré Gómez","","0","new","","False","44","2-2","15 min",""
"1","March of the Ants: Evolved Edition","416079","2025","Watch for reviews","7.19","7.25",,"7.42","7.26","7.14","high","1156","3.24","Tim Eisner / Ryan Swisher","","0","new","","False","36","1-5","60-90 min","2E440"
"1","Horizonte","440086","2025","Watch for reviews","7.18","7.59",,"6.32","6.63","7.06","low","22","3","Arthur Lacerda","","0","new","","False","103","3-5","20-30 min","4-F510 (Golden Meeple)"
"1","The Lord of the Rings: Circle of Conflict","462620","2026","Watch for reviews","7.18","7.28","7.28","6.98","6.99","6.93","low","52","2.67","Stephen Buonocore / Geoff Engelstein","Geoff Engelstein","0.46","new","","False","42","2-4","60-90 min",""
"1","Founders","364732","2026","Watch for reviews","7.18","7.4",,"6.82","7.32","7.01","low","37","2.88","Bragou / Sams","","0","new","","False","41","2-5","35-60 min","Booth 3J300"
"1","Maestro","458970","2026","Watch for reviews","7.18","7.32",,"7.16","6.91","7.18","low","50","3.38","Andrea Robbiani","","0","new","","False","25","1-4","90-140 min","2E440"
"1","Joyride: Turbo","424809","2024","Watch for reviews","7.18","7.4",,"7.06","6.93","6.92","medium","388","2.62","Duncan Molloy / Pete Ward","","0","new","","False","12","2-4","20-70 min","2E440"
"1","Container","453740","2026","Watch for reviews","7.17","7.3",,"7.06","7.53","7","high","1705","2.85","Franz-Benno Delonge / Thomas Ewert / Kevin Nesbitt","","0","new","","False","331","3-5","45-90 min",""
"1","Gold Country","461367","2026","Watch for reviews","7.17","7.33","7.12","7.23","6.74","6.74","medium","416","2.05","Reiner Knizia","Reiner Knizia","0.55","new","","False","206","2-4","30-60 min",""
"1","Yonder","397005","2026","Watch for reviews","7.17","7.27","6.88","7.43","6.92","7.06","low","126","3","Haakon Gaarder","Haakon Gaarder","0.14","new","","False","36","1-4","60-90 min","2E440"
"1","Upside Town","455353","2026","Watch for reviews","7.17","7.46",,"6.95","6.98","6.72","low","23","2","Quentin Quek","","0","new","","False","28","1-4","25-40 min","5-G400 Thailand Pavilion, PlayByDesign"
"1","Satori","368352","2023","Watch for reviews","7.17","7.24",,"7.31","7.16","7.17","medium","465","3.34","Paco Yanez","","0","new","","False","23","1-4","25-100 min","2E440"
"1","Aridnyk","403160","2024","Watch for reviews","7.16","7.33",,"7.26","6.95","6.83","low","169","2.33","Yaroslav Kifor / Volodymyr Kuznietsov / Andrii Yanovskiy","","0","new","","False","43","1-4","40-60 min","4A425"
"1","Wee Folk","440808","2026","Watch for reviews","7.16","7.6","6.6","6.97","6.72","6.72","insufficient","2","2","Scott Brady / Stefano Di Maria / Rosa Linda Romano","Scott Brady","-0.09","new","","False","12","2-2","15-20 min","2B620"
"1","Microlonies","462851","2027","Watch for reviews","7.15","7.24",,"7.38","6.84","7.06","low","41","3","Sébastien Castano / Franz Couderc","","0","new","","False","150","1-4","45-120 min","4-G600"
"1","The Voynich Puzzle","439983","2025","Watch for reviews","7.15","7.34",,"6.84","6.73","7.27","medium","798","3.87","Dani Garcia","","0","new","","False","82","1-4","90-120 min",""
"1","Secrets of the Lost Tomb: Epic Edition","379826","2025","Watch for reviews","7.15","7.09","7.21","7.32","7.23","7.06","low","14","3","Christopher Batarlis","Christopher Batarlis","0.36","new","","False","14","1-6","60-240 min",""
"1","Windmill Valley: Duel","466295","2026","Watch for reviews","7.14","7.24",,"7.33","7.57","6.72","insufficient","4","2","Dani Garcia","","0","new","","False","188","2-2","45 min","3G200"
"1","Mission Amazonia","419993","2025","Watch for reviews","7.14","7.34",,"6.97","7.03","6.91","low","41","2.6","Markus Lehmann","","0","new","","False","79","2-4","40-60 min","8D315 - Halle 8"
"1","ANTgravity","441620","2026","Watch for reviews","7.14","7.33",,"7.3","6.74","6.72","low","15","2","Paweł Siemek","","0","new","","False","25","2-4","30-60 min","3H500"
"1","Boktor","443294","2026","Watch for reviews","7.13","7.3",,"7.18","7.09","6.72","low","37","2","Ludovic Adam","","0","new","","False","182","1-6","45-75 min",""
"1","Class of '89","442093","2026","Watch for reviews","7.13","7.29",,"7.03",,"7.06","low","19","3","Kory Jordan","","0","new","","False","99","1-4","60-90 min",""
"1","Stars of Ilumeïa","447208","2026","Watch for reviews","7.13","7.23",,"7.35","6.83","7.01","low","59","2.88","Christian Peter Schäfer-Scheidtweiler / Stefan Scheidtweiler","","0","new","","False","39","1-4","60-120 min",""
"1","1ers Contacts","445459","2025","Watch for reviews","7.13","7.34",,"6.91","7.08","6.85","low","164","2.4","Michael Munoz","","0","new","","False","34","2-5","30-60 min",""
"1","Rank my Denk!","475210","2026","Watch for reviews","7.13","7.48",,"7.11","6.08","6.53","insufficient","7","1","Inka Brand / Markus Brand / Lukas Setzke / Verena Wiechens","","0","new","","False","12","2-8","20-30 min","3E300"
"1","7th Seal","457575","2026","Watch for reviews","7.12","7.22",,"7.24",,"7.06","low","37","3","Julio Falagán","","0","new","","False","242","1-1","30-70 min","3D600"
"1","Colosseum: The Grand Spectacle","447850","2026","Watch for reviews","7.12","7.26","6.82","7.1","7.35","6.95","low","54","2.71","Wolfgang Kramer / Markus Lübke","Wolfgang Kramer","0.09","new","","False","217","1-5","60-90 min","3Q315"
"1","Hell: Legends","426258","2026","Watch for reviews","7.12","7.43","6.27","7.16","7.23","7.17","low","20","3.33","David Rimbach","David Rimbach","-0.71","new","","False","211","1-4","120-240 min","3-H300"
"1","FLOE","363204","2026","Watch for reviews","7.12","7.12","7.21","7.12","7","7.04","low","100","2.96","Henry Audubon / Jonny Pac / Yoma","Henry Audubon / Jonny Pac / Yoma","0.31","new","","False","131","1-4","60-90 min","3Q315"
"1","Boaromia Festival","451435","2026","Watch for reviews","7.12","7.28",,"7.26","6.08","7.06","low","14","3","Bertus Moeskops / Monique Snijder","","0","new","","False","24","3-8","45-90 min",""
"1","Sniper Elite: The Board Game","295262","2022","Watch for reviews","7.12","7.2","7.12","7.08","7.17","6.86","high","2729","2.44","Roger Tankersley / David Thompson (I)","David Thompson (I)","0.21","new","","False","22","1-4","40-70 min",""
"1","The Safe","464601","2026","Watch for reviews","7.12","7.4",,"6.97","6.51","6.72","low","15","2","Robin Van Hoeydonck","","0","new","","False","20","1-6","50 min","2A420"
"1","The Republic's Struggle","395926","2025","Watch for reviews","7.11","7.15",,"7.07","7.4","7.19","low","89","3.4","Teo Álvarez","","0","new","","False","21","2-4","180-240 min","3N300"
"1","Gunsen: The Battle for Toshi Ranbo","449018","2026","Watch for reviews","7.1","7.21","6.99","7.04","6.89","6.99","low","278","2.82","Matthew O'Malley / Ben Rosset","Matthew O'Malley / Ben Rosset","-0.07","new","","False","32","2-6","45-90 min",""
"1","Enchanted Ivy","460716","2026","Watch for reviews","7.09","7.3",,"7.06","6.6","6.76","medium","305","2.11","Sarah Joshua","","0","new","","False","222","1-1","10-20 min",""
"1","Pandaii!","456481","2026","Watch for reviews","7.09","7.4",,"6.78","6.3","6.72","insufficient","5","2","Jan Roth (II)","","0","new","","False","15","2-4","20-35 min","4D500"
"1","Pest","353572","2024","Watch for reviews","7.08","7.06",,"7.33","7.21","7.15","medium","800","3.27","Thomas Nielsen / Kai Starck","","0","new","","False","176","1-5","60-150 min",""
"1","Thunder Road: Ignition","464729","2026","Watch for reviews","7.08","7.16","7.2","6.94","7.06","6.72","low","98","2","Noah Cohen / Rob Daviau / Justin D. Jacobson / Justin Kemppainen","Rob Daviau / Justin Kemppainen","0.31","new","","False","107","2-4","25-45 min","6F200"
"1","Abroad","437337","2025","Watch for reviews","7.08","7.15",,"7.19","7.01","6.97","medium","613","2.76","Rodrigo Rego / Danilo Valente","","0","new","","False","67","1-5","90 min","3J120"
"1","Snow Climbing","440505","2026","Watch for reviews","7.08","7.33",,"6.91","6.51","6.72","insufficient","8","2","Yuri Morroni / Gabriel Toschi","","0","new","","False","59","2-4","30-45 min","4F510 - Golden Meeple"
"1","Cascadia: Alpine Lakes","446815","2026","Watch for reviews","7.07","7.19",,"7.19","6.8","6.85","medium","470","2.4","Randy Flynn","","0","new","","False","273","1-4","30-45 min",""
"1","Jisogi: Anime Studio Tycoon","429845","2025","Watch for reviews","7.07","7.13",,"7.24","6.8","7.03","medium","861","2.94","Rodrigo Esper","","0","new","","False","98","1-4","60-120 min","2D530"
"1","Guerre Eclair","296425","2019","Watch for reviews","7.07","7.15",,"7.42","7.12","6.65","low","55","1.8","Yasushi Nakaguro","","0","new","","False","16","2-2","45-60 min","3K415"
"1","River Market","435311","2026","Watch for reviews","7.06","7.08",,"7.56","7.08","6.72","low","32","2","Roberta Taylor","","0","new","","False","136","1-5","35 min","3-D400"
"1","A Wild Venture","447174","2025","Watch for reviews","7.06","7.25",,"6.86","6.74","6.91","high","2328","2.62","Iain Everett","","0","new","","False","107","2-2","40-60 min","3Q315"
"1","Gibberers: The Word Game of Language Invention and Civilization Development","380109","2024","Watch for reviews","7.06","7.32",,"6.56","6.74","6.89","medium","377","2.53","Keisei","","0","new","","False","48","3-5","60-180 min","3F120 (PTS / Matagot Booth)"
"1","Numberwang±","438840","2025","Watch for reviews","7.06","7.43",,"6.08","6.37","7.06","low","36","3","Cardner Babakitis","","0","new","","False","24","4-4","45-60 min","Golden Meeple (Hall 4 4F510)"
"1","Kadath","450376","2026","Watch for reviews","7.05","7.13",,"7.38","7.04","6.64","low","30","1.75","Aaron Campos / Ignasi Lausin","","0","new","","False","40","2-2","25-35 min","3U200"
"1","The Game Makers","447776","2026","Watch for reviews","7.04","7","6.99","7.3","7.11","7.02","medium","950","2.91","Ben Rosset","Ben Rosset","-0.07","new","","False","273","1-6","60-90 min",""
"1","Shimoda: Perry Road","460943","2026","Watch for reviews","7.04","7.19",,"7.12","6.69","6.72","insufficient","5","2","Lee Ju-Hwa / Giung Kim","","0","new","","False","72","2-2","10-15 min",""
"1","Mechs vs. Minions","209010","2016","Watch for reviews","7.03","7.14",,"6.96","6.99","6.87","high","18521","2.45","Chris Cantrell / Rick Ernst / Stone Librande / Prashant Saraswat / Nathan Tiras","","0","new","","False","133","2-4","60-120 min","3-G400"
"1","Kano","470343","2026","Watch for reviews","7.03","7.16",,"6.9",,"6.88","low","113","2.5","Pablo Jiménez / Angel Pintero","","0","new","","False","130","2-4","30-40 min","3-F120"
"1","Weirdwood Manor","359601","2024","Watch for reviews","7.03","7.02",,"7.07","7.03","7.18","medium","629","3.38","Mike Cassie","","0","new","","False","19","1-5","90-120 min","2E440"
"1","Almighty","382158","2027","Watch for reviews","7.01","7.07",,"7.12","6.79","6.93","low","56","2.67","Kevin Privalle / Malachi Ray Rempen","","0","new","","False","243","1-4","60-90 min",""
"1","Ashes & Amber","450286","2026","Watch for reviews","7.01","6.97",,"7.25","7.11","7.06","low","23","3","David Falla de Acebo","","0","new","","False","161","1-4","40-160 min","4D125"
"1","Rolling Seas","307365","2019","Watch for reviews","7.01","7.02",,"7.12","6.86","7.06","low","31","3","George Jaros","","0","new","","False","36","1-6","30-60 min","3-K415"
"1","Roxane","275058","2026","Watch for reviews","7.01","7.08",,"6.81","7.03","7.06","insufficient","1","3","Daniele Ursini","","0","new","","False","18","2-4","45-75 min",""
"1","Pax Viking","303954","2021","Watch for reviews","7.01","6.93",,"7.25","7.11","7.17","high","1336","3.31","Jon Manker","","0","new","","False","17","1-6","60-90 min","2E440"
"1","Just 3 folds","448257","2023","Watch for reviews","7.01","7.15",,"6.68","6.73","7.06","low","40","3","Kohta Nakagawa","","0","new","","False","16","1-6","15 min","5H400"
"1","Night at the Zoo","457412","2026","Watch for reviews","7","6.94","7.33","7.1","6.66","6.78","medium","352","2.15","Tomáš Holek","Tomáš Holek","0.19","new","","False","617","1-4","30 min","4-D400, 6-E110"
"1","Moon Colony Bloodbath","425549","2025","Watch for reviews","7","7.2","6.67","6.99","6.94","6.78","high","7076","2.15","Donald X. Vaccarino","Donald X. Vaccarino","-0.17","new","","False","27","1-5","45-90 min",""
"1","Mole King","321334","2020","Watch for reviews","7","7.15",,"6.99","6.62","6.72","insufficient","4","2","Tae-hoon Kim / Sang-don Lee / Min-keun Park","","0","new","","False","12","2-4","15-25 min","6-D405"
"1","The Mix","405769","2026","Watch for reviews","6.99","6.95",,"7.25","7.02","7.06","low","19","3","Guime","","0","new","","False","177","1-4","60-90 min",""
"1","Whacktown","466156","2026","Watch for reviews","6.99","7.14","6.78","7.17","6.66","6.72","low","20","2","Daniel Piechnick","Daniel Piechnick","-0.34","new","","False","65","2-4","30-45 min","3M215"
"1","Paper Tales : Édition intégrale","365128","2022","Watch for reviews","6.99","7.14",,"6.84","6.48","6.87","low","248","2.46","Masato Uesugi","","0","new","","False","63","1-7","30 min",""
"1","Flickering Stars","419960","2026","Watch for reviews","6.98","7.1","6.66","7.19","7.17","6.72","low","14","2","Josh Cappel / Matt Leacock","Josh Cappel / Matt Leacock","-0.17","new","","False","55","2-4","30-60 min","3Q315"
"1","Personal Demons","448409","2026","Watch for reviews","6.98","7.09",,"6.9","6.96","6.72","low","12","2","Judson Cowan","","0","new","","False","34","1-6","30-60 min","2-C130"
"1","Agents of SMERSH: Epic Edition","315943","2022","Watch for reviews","6.97","6.91","7.21","7.1","6.87","6.75","low","298","2.08","Christopher Batarlis / Stephen Cooper","Christopher Batarlis","0.36","new","","False","18","1-4","90-120 min",""
"1","Paragliders","450604","2026","Watch for reviews","6.97","6.99",,"7.26","7.01","6.72","low","28","2","Alban Nanty","","0","new","","False","18","1-4","25-100 min",""
"1","Council of Serpents","466023","2026","Watch for reviews","6.97","7.02",,"6.99","6.84","6.85","low","13","2.4","Joeri Hessels / Wouter Moons","","0","new","","False","15","1-4","30 min","3-H225"
"1","The Lord of the Rings: The Confrontation","18833","2005","Watch for reviews","6.96","6.93","7.13","6.97","7","6.79","high","6781","2.19","Reiner Knizia / Eric M. Lang / Christian T. Petersen","Reiner Knizia / Eric M. Lang / Christian T. Petersen","0.21","new","","False","76","2-2","30 min",""
"1","Mini Rogue: The Council","417020","2026","Watch for reviews","6.96","7.02",,"7.01","7.05","6.72","low","85","2","Paolo Di Stefano / Gabriel Gendron","","0","new","","False","34","1-3","40-60 min","3K415"
"1","Living Stories: Dust Devils","455801","2026","Watch for reviews","6.96","7.15",,"6.73","6.37","6.72","low","10","2","Asger Johansen","","0","new","","False","14","1-4","30-120 min",""
"1","High Moon","456332","2026","Watch for reviews","6.95","7.03",,"6.89","6.81","6.79","low","57","2.2","Antonio Guillamó ""Guilla""","","0","new","","False","193","2-4","40-60 min","3-U210"
"1","17 Dice Bets","460404","2026","Watch for reviews","6.95","7.07",,,"6.72","6.72","low","12","2","Lee Ju-Hwa / Giung Kim","","0","new","","False","113","2-4","30-40 min",""
"1","Storyfold: Wildwoods","425505","2025","Watch for reviews","6.95","6.92",,"7.27","7.02","6.77","medium","766","2.14","Sjoerd van der Linde","","0","new","","False","94","1-1","30-60 min","2C130"
"1","Flipside","447736","2025","Watch for reviews","6.95","6.99",,"7.04","6.84","6.78","low","82","2.17","Nick Gerts","","0","new","","False","65","1-4","60-120 min","6.H110"
"1","Tinctura","458320","2026","Watch for reviews","6.95","6.87",,"7.22","7.06","7.06","low","14","3","Franziska Stürzenhofecker / Jürgen Then","","0","new","","False","62","2-4","90-120 min","3-C300"
"1","Québec","91984","2011","Watch for reviews","6.95","6.81",,"7.37","7.24","7.05","high","1768","2.98","Philippe Beaudoin / Pierre Poissant-Marquis","","0","new","","False","54","2-5","75 min",""
"1","Rurik: Second Edition","460097","2027","Watch for reviews","6.94","6.9",,"7.08","6.94","7.06","low","38","3","Stan Kordonskiy","","0","new","","False","142","1-4","60-120 min","3Q315"
"1","Seagrass","465891","2026","Watch for reviews","6.94","7","6.98","6.98","6.52","6.72","low","18","2","Trevor Benjamin / Brett J. Gilbert","Trevor Benjamin / Brett J. Gilbert","0.14","new","","False","120","2-4","30-60 min",""
"1","Minigolf Designer","298562","2020","Watch for reviews","6.94","6.94",,"7.21","6.73","6.82","medium","593","2.29","Alban Nanty","","0","new","","False","50","1-5","60-90 min",""
"1","Trash Poker","465286","2026","Watch for reviews","6.94","6.99",,"7.06","6.39","6.88","low","91","2.5","Rico Besteher / Frank Noack","","0","new","","False","38","1-4","45-90 min","2E440"
"1","The Gang: Deluxe Edition","462191","2026","Watch for reviews","6.94","7.15",,"6.65","6.26","6.72","low","202","2","John Cooper / Kory Heath","","0","new","","False","37","3-10","20 min",""
"1","Magicats","462437","2026","Watch for reviews","6.94","6.94","7.12","6.95","6.63","6.79","low","20","2.2","Reiner Knizia","Reiner Knizia","0.55","new","","False","30","2-4","40 min","5-A300"
"1","For the Gods!","444234","2026","Watch for reviews","6.93","6.91","7.02","6.97","7.07","6.8","low","67","2.25","Trevor Benjamin / Brett J. Gilbert / David Thompson (I)","Trevor Benjamin / Brett J. Gilbert / David Thompson (I)","0.17","new","","False","265","2-4","30-60 min",""
"1","Codenames: Critical Role Adventures","465849","2026","Watch for reviews","6.93","7.06","6.68","6.96","6.87","6.83","low","121","2.33","Vlaada Chvátil / Felix Podlesny","Vlaada Chvátil","-0.37","new","","False","146","2-4","25 min",""
"1","Badgers","444687","2026","Watch for reviews","6.93","7.01",,"6.91","6.59","6.83","insufficient","9","2.33","Boris Malvic / Davor Vizintin","","0","new","","False","73","1-2","10-20 min","3C411"
"1","Timeless Journeys: The Italian Grand Tour","388692","2026","Watch for reviews","6.93","6.99","6.76","6.92","6.8","7.06","low","55","3","Nestore Mangone / Andrea Robbiani","Nestore Mangone","-0.37","new","","False","71","1-5","60-120 min",""
"1","Adamastor","448435","2025","Watch for reviews","6.93","6.96",,"7.05","6.7","6.86","medium","545","2.43","Orlando Sá","","0","new","","False","39","1-1","30 min","2E440"
"1","Club of Cthulhu","445785","2025","Watch for reviews","6.92","7.06",,"6.7","6.73","6.64","low","172","1.75","Shi Chen","","0","new","","False","80","2-4","15-30 min","2E510"
"1","Trigger Warning","433560","2025","Watch for reviews","6.92","7.08",,"6.79","6.42","6.59","low","46","1.5","Hugo Leblanc","","0","new","","False","44","2-12","5-15 min",""
"1","Coming of Age","431837","2025","Watch for reviews","6.92","6.81",,"7.19",,"7.14","medium","744","3.24","Dani Garcia","","0","new","","False","18","1-4","40-80 min","2E440"
"1","Super Auto Pets Card Battle: Golden Pack","472278","2026","Watch for reviews","6.92","7.07",,"6.67","6.64","6.72","low","22","2","Nick Conley","","0","new","","False","17","2-2","30 min",""
"1","Scenery","441292","2025","Watch for reviews","6.92","6.77",,"7.2","7.37","7.06","low","52","3","Luke Allison / Peter Joustra / Corné van Moorsel","","0","new","","False","15","1-5","20-50 min",""
"1","Raas: A Dance of Love","358912","2026","Watch for reviews","6.91","6.91",,"7.02","6.73","6.88","low","221","2.5","Mihir Shah / Shaleen Harlalka","","0","new","","False","50","1-6","30-90 min",""
"1","Molly House","349750","2025","Watch for reviews","6.91","6.85","6.78","7.11","6.59","7.27","high","1731","3.75","Jo Kelly / Cole Wehrle","Cole Wehrle","-0.44","new","","False","49","1-5","60-120 min",""
"1","Black Flag!","472803","2026","Watch for reviews","6.91","6.93",,"7.06","6.82","6.72","insufficient","7","2","Emiliano Sciarra","","0","new","","False","32","4-8","30 min","3P500"
"1","Reforest","387276","2024","Watch for reviews","6.9","6.88",,"7.03","6.71","6.89","high","1403","2.55","Sébastien Bernier-Wong","","0","new","","False","153","1-4","30-60 min","2C130"
"1","Flame & Forge","457742","2026","Watch for reviews","6.9","6.88",,"7.25","6.66","6.72","low","19","2","Luís Brueh","","0","new","","False","79","1-4","45-60 min","2-C400"
"1","Furnace Duel","435861","2026","Watch for reviews","6.9","6.84",,"7.05","7.23","6.88","low","111","2.5","Andrey Kolupaev / Ivan Lashin","","0","new","","False","16","2-2","30-60 min","2E440"
"1","Forest Shuffle: Smoky Mountains","463296","2026","Watch for reviews","6.89","6.91",,"6.98","6.86","6.72","low","179","2","Kosch","","0","new","","False","253","2-5","60 min","Lookout Games, 3-V300"
"1","Final Titan","428280","2026","Watch for reviews","6.89","6.99","6.84","6.85","6.84","6.61","low","129","1.6","Richard Garfield / Christian Kudahl","Richard Garfield","-0.01","new","","False","137","1-5","30-45 min",""
"1","Time of Your Life","474251","2026","Watch for reviews","6.89","7.08","6.76",,"6.37","6.53","insufficient","6","1","Jordy Adan","Jordy Adan","-0.14","new","","False","116","2-6","20-30 min","3F400"
"1","Nascard","475356","2026","Watch for reviews","6.89","7.09",,"6.27","6.65","6.72","insufficient","3","2","Guillem Coll / Ferran Renalias","","0","new","","False","110","1-6","30-45 min","3D600"
"1","Bariloche","467511","2026","Watch for reviews","6.89","6.95",,"6.84",,"6.63","low","28","1.67","Martín Oddino / Del Sur / Julián Vecchione","","0","new","","False","92","2-4","20 min",""
"1","The Path of the Priest","438732","2025","Watch for reviews","6.89","7",,,"6.37","6.59","low","60","1.5","Gabriel Faure","","0","new","","False","63","1-1","10-15 min",""
"1","Pirates of the High Teas","421974","2026","Watch for reviews","6.89","6.9",,"7.06","6.57","6.77","low","218","2.14","Emily Vincent","","0","new","","False","48","1-4","30-45 min","Allplay"
"1","Octobuns","473573","2026","Watch for reviews","6.89","7.02",,"6.71","6.37","6.72","insufficient","8","2","Mirthe De Clerck","","0","new","","False","42","2-4","30 min",""
"1","Yin Yang","280575","2019","Watch for reviews","6.89","6.74",,"7.18","7.29","6.98","medium","324","2.78","DuGuWei","","0","new","","False","34","1-4","45-75 min","3B300"
"1","Forgeflame","401787","2025","Watch for reviews","6.89","6.83",,"7.09","7.08","6.88","low","115","2.5","Quentin Vernet / Marc Vernet","","0","new","","False","13","2-4","60 min","2E440"
"1","Heroes of Baler","353174","2024","Watch for reviews","6.89","6.8",,"7.17","7.31","6.8","low","22","2.25","José Manuel Neva","","0","new","","False","6","1-2","90-120 min","3N300"
"1","Rise of Myths: Cthulhu","442506","2026","Watch for reviews","6.88","6.74",,"7.14","6.98","7.06","low","33","3","Ruiz Machuca / Joel Torres","","0","new","","False","40","1-3","60 min","4-E225"
"1","Opera Magna","471164","2026","Watch for reviews","6.87","6.75","6.59","7.5","7.08","7.06","low","34","3","Tommaso Battista / Stefano Castelli","Stefano Castelli","-0.31","new","","False","71","2-4","45-60 min","3B225"
"1","Abaku","173390","2008","Watch for reviews","6.87","6.88",,"6.83","6.69","6.88","low","12","2.5","Vladimír Tesař","","0","new","","False","70","1-4","30-60 min","4-D400"
"1","Himizu","462911","2026","Watch for reviews","6.87","6.79",,"7.32","6.8","6.72","low","34","2","Carles Carreras","","0","new","","False","43","2-2","20 min","6-B400"
"1","Saga: Vikings vs Anglo-Saxons","470738","2026","Watch for reviews","6.87","6.75",,"7.39","6.89","6.72","insufficient","8","2","Maciej Stępień","","0","new","","False","15","2-2","15-30 min",""
"1","Kryptothera: The Cryptid Pursuit","445682","2026","Watch for reviews","6.87","6.76",,"7.13","7.28","6.83","low","53","2.33","David Pecorini Cancellario D' Alena / Sara Parsi di Landrone / Vangelis Matthaiopoulos / Stefanos Pagonidis","","0","new","","False","10","2-6","60-90 min","2C310"
"1","Pilgrims: Curious Adventures","444683","2025","Watch for reviews","6.86","6.79",,"7.17","6.69","6.76","medium","384","2.12","Radim Jurda","","0","new","","False","123","1-4","45 min",""
"1","Railway Boom","448159","2025","Watch for reviews","6.86","6.79","6.65","7.05","7.25","7.12","high","1133","3.18","Hisashi Hayashi / Simone Luciani","Simone Luciani","-0.57","new","","False","69","2-4","60-120 min",""
"1","Mayor of Chicago","413252","2026","Watch for reviews","6.86","6.76","6.87","7.27","6.82","6.84","low","165","2.38","Xavier Georges","Xavier Georges","-0.34","new","","False","69","1-1","30 min","2D411"
"1","River Rats","428024","2025","Watch for reviews","6.85","6.86",,"6.85","6.72","6.77","low","148","2.12","Mathijs Jansen / Robin Stokkel","","0","new","","False","38","1-4","10-30 min","6F200"
"1","North American Railways","191438","2016","Watch for reviews","6.85","6.71","7.1","7.04","6.82","6.87","medium","576","2.44","Peer Sylvester","Peer Sylvester","0.51","new","","False","21","3-5","45-90 min","Hall 6 6D405"
"1","Trunfos e Tesouros","462684","2026","Watch for reviews","6.84","7.09",,"5.85","6.57","6.83","insufficient","8","2.33","Mauro Fernandez / Amábili Vieira","","0","new","","False","68","3-4","30-45 min","4-F510 (Golden Meeple)"
"1","Rheinländer","111","1999","Watch for reviews","6.84","6.72","7.12","6.94","6.82","6.82","high","1839","2.31","Reiner Knizia","Reiner Knizia","0.55","new","","False","59","3-5","45 min",""
"1","Eldertide: A Thousand Lights","446825","2026","Watch for reviews","6.84","6.68",,"7.26","7","6.88","low","58","2.5","Mahawira S. Dillon / Rodrigo Esper / Yofiandhy D Indrayana","","0","new","","False","42","1-5","60-120 min","5K325"
"1","Cena","445641","2025","Watch for reviews","6.83","6.82",,"6.89","6.55","6.8","low","44","2.25","A.I. Lab","","0","new","","False","151","3-5","30 min",""
"1","SPELL","286363","2020","Watch for reviews","6.83","6.73",,"7.14","6.81","6.82","low","245","2.3","Jesús Fuentes","","0","new","","False","20","1-2","15-25 min","3K415"
"1","Hellas","207330","2016","Watch for reviews","6.82","6.61","6.81","7.37","7.41","6.88","medium","634","2.5","Stefan Dorra","Stefan Dorra","0.06","new","","False","53","2-4","45-60 min","Hall 6 6D405"
"1","Kilauea","430319","2025","Watch for reviews","6.82","6.62",,"7.46","6.82","6.87","low","187","2.46","David Bernal / Ferran Renalias","","0","new","","False","37","2-4","40-60 min",""
"1","Hercules and the 12 Labors","436038","2025","Watch for reviews","6.82","6.71",,"7.13","6.69","6.82","medium","620","2.32","Tyler J. Brown","","0","new","","False","37","1-1","30-60 min","2E440"
"1","Fame & Fable","421254","2026","Watch for reviews","6.81","6.74",,"6.97","6.68","6.79","low","190","2.21","Owen Davey","","0","new","","False","113","1-4","45-90 min","2C130"
"1","Soothsayers","441114","2026","Watch for reviews","6.81","6.75",,"7.02","6.48","6.82","medium","691","2.3","Jeff Grisenthwaite","","0","new","","False","75","2-5","30-60 min","4-G600"
"1","President Maker","458532","2026","Watch for reviews","6.81","6.71",,"6.88","7.42","6.72","low","33","2","Bonghwan Ju","","0","new","","False","41","2-4","30-45 min","Hall 6 6D405 (Playte)"
"1","Pop Art","452187","2026","Watch for reviews","6.81","6.81",,"6.91","6.47","6.72","low","138","2","Jeff Chin / Andrew Nerger","","0","new","","False","35","1-8","20 min","AllPlay booth 8-D120"
"1","Nebular Colors","456442","2025","Watch for reviews","6.81","6.77",,"6.77","7.09","6.72","low","34","2","Marceline Leiman","","0","new","","False","18","2-2","25-30 min","Hall 6 6D405"
"1","8 Dragons","454438","2027","Watch for reviews","6.8","6.73",,,"6.6","6.88","low","25","2.5","Sönke Schmidt","","0","new","","False","180","2-4","40-60 min",""
"1","Ringyō","451298","2026","Watch for reviews","6.8","6.63",,"7.1",,"6.99","low","70","2.8","Charlie McCarron","","0","new","","False","162","1-4","45-90 min",""
"1","Orapa Space","448740","2025","Watch for reviews","6.8","6.9",,"6.4","6.69","6.69","medium","520","1.92","Junghee Choi / Wanjin Gill","","0","new","","False","78","2-5","20-25 min",""
"1","Flip Pick Towers","453283","2026","Watch for reviews","6.8","6.74",,"6.95","6.6","6.79","low","153","2.2","Rob Fisher / Adam Porter","","0","new","","False","52","1-6","30-45 min",""
"1","Cthulhu Rift","451426","2026","Watch for reviews","6.8","6.73",,"6.78","6.96","6.88","insufficient","6","2.5","Eloi Pujadas / Ferran Renalias","","0","new","","False","29","2-4","45 min","3U200"
"1","Foxglove Farm","466715","2026","Watch for reviews","6.79","6.55",,"7.36","7.21","6.85","low","125","2.4","Aya Taguchi / Shun Taguchi","","0","new","","False","180","1-4","30-60 min","3F400"
"1","Falklands-Malvinas 1982","394452","2026","Watch for reviews","6.79","6.49",,"7.48","6.85","7.06","insufficient","3","3","Chema Rando","","0","new","","False","130","2-2","180-360 min","3N300"
"1","Borealis: Arctic Expeditions","448116","2026","Watch for reviews","6.79","6.69",,"6.92","6.8","6.86","medium","417","2.42","Dariusz Mindur","","0","new","","False","69","2-4","45 min",""
"1","Red Notice: A Million or Prison","457724","2026","Watch for reviews","6.79","6.68",,"6.93",,"6.83","low","241","2.33","Gautier de Cottreau / Baptiste Laurent","","0","new","","False","55","2-2","20-40 min",""
"1","Tang Master Tailor","475120","2026","Watch for reviews","6.79","6.78",,"6.85","6.92","6.53","insufficient","4","1","Hongkai Chen / Xiaowei Wang","","0","new","","False","26","2-4","30-60 min","5H400"
"1","That Time You Killed Me","344258","2021","Watch for reviews","6.79","6.66",,"7.11","6.76","6.83","high","2729","2.34","Peter C. Hayward","","0","new","","False","19","2-2","15-30 min","2E440"
"1","Queen of Spies","454119","2026","Watch for reviews","6.78","6.55","7.12","7.21","6.67","6.72","low","88","2","Liz Davidson / David Thompson (I)","David Thompson (I)","0.21","new","","False","161","1-1","20-60 min","Hall 3-A400"
"1","Mythologies","447570","2026","Watch for reviews","6.78","6.61",,"6.88","7.45","6.88","low","183","2.5","Maxime Babad / Mickaël ""Froh"" Garcin","","0","new","","False","69","2-4","20-40 min",""
"1","Torii Valley","474015","2026","Watch for reviews","6.78","6.65",,"7.09",,"6.72","low","22","2","Thomas Favrelière / Fabrice Maugé","","0","new","","False","55","1-4","30 min",""
"1","Space Lab","449974","2025","Watch for reviews","6.78","6.66",,"7.08","6.94","6.65","medium","464","1.78","Johannes Goupy / Corentin Lebrat","","0","new","","False","53","1-4","20-30 min",""
"1","LEDA","453163","2026","Watch for reviews","6.78","6.71",,"6.95","6.52","6.84","low","145","2.38","Pierrick Libralesso / Renaud Libralesso / Yoel Sayada","","0","new","","False","47","2-2","30 min","6K400"
"1","Super Auto Pets Card Battle: Classic Pack","450335","2026","Watch for reviews","6.78","6.73",,"6.94","6.64","6.64","low","100","1.75","Nick Conley","","0","new","","False","27","2-2","30 min",""
"1","Azure","447254","2026","Watch for reviews","6.77","6.6","6.98","7.16","6.82","6.72","medium","537","2","Trevor Benjamin / Brett J. Gilbert","Trevor Benjamin / Brett J. Gilbert","0.14","new","","False","117","2-2","20 min",""
"1","Yami","452684","2026","Watch for reviews","6.77","6.69",,"6.77","6.95","6.81","low","87","2.29","Hiroki Ohba / Anthony Perone / Ryoji Suzuki / Hiraku Tezuka","","0","new","","False","73","2-4","15-30 min","4F510"
"1","Rebel Princess: Deluxe Edition","418556","2024","Watch for reviews","6.77","6.78",,"6.78","6.37","6.66","high","1787","1.81","Daniel Byrne / José Gerardo Guerrero / Kevin Peláez / Tirso Virgós","","0","new","","False","62","3-6","45 min",""
"1","Road Master","451982","2025","Watch for reviews","6.77","6.58",,"7.17","7.26","6.72","low","47","2","Jean-Christophe Bouvier","","0","new","","False","35","2-6","15-45 min","2B630"
"1","Rattlesnake","453281","2026","Watch for reviews","6.77","6.74",,"6.67","6.5","6.88","low","147","2.5","Michael Hardacre","","0","new","","False","27","2-2","15 min",""
"1","A Bridge Too Far","454424","2025","Watch for reviews","6.77","6.63",,"7.07","6.99","6.72","low","33","2","José Luis Barca","","0","new","","False","13","1-1","unknown",""
"1","Joyride: Survival of the Fastest","371183","2024","Watch for reviews","6.77","6.61",,"7.08","6.93","6.8","high","1187","2.24","Duncan Molloy / Pete Ward","","0","new","","False","10","2-4","30-60 min","2E440"
"1","Joyride Duel: Next Gen","399318","2025","Watch for reviews","6.77","6.65",,"7.06","6.93","6.72","low","158","2","Duncan Molloy / Pete Ward","","0","new","","False","7","2-2","20-40 min","2E440"
"1","Crits & Tricks","436907","2026","Watch for reviews","6.76","6.73",,"6.66","6.56","6.8","low","288","2.25","Pete Wissinger","","0","new","","False","147","1-4","20-45 min","3-R400"
"1","Nokosu Dice","294693","2016","Watch for reviews","6.76","6.76",,"6.63","6.55","6.76","high","2372","2.11","Yusuke Matsumoto","","0","new","","False","80","3-5","45-60 min",""
"1","Behind: Purple","452286","2025","Watch for reviews","6.76","6.76",,"6.66","6.69","6.63","low","95","1.67","Cédric Millet","","0","new","","False","27","1-4","30-90 min",""
"1","Ace of Spades","429861","2025","Watch for reviews","6.75","6.67",,"7.03","6.1","6.78","high","1418","2.17","Benjamín Amorín","","0","new","","False","279","1-2","40-45 min","3D600"
"1","Totally Human","462206","2026","Watch for reviews","6.75","6.61",,"7.21","6.92","6.53","low","82","1","Kasper Lapp","","0","new","","False","62","3-8","15 min",""
"1","Ra: The Dice Game","35503","2009","Watch for reviews","6.75","6.54","7.12","6.92","7.15","6.64","high","2744","1.74","Reiner Knizia","Reiner Knizia","0.55","new","","False","58","2-4","45 min",""
"1","Jolly Christmas","460091","2025","Watch for reviews","6.75","6.76",,"6.77","6.37","6.59","low","39","1.5","Seppe van Ael","","0","new","","False","28","2-5","20 min",""
"1","Under the Leaves","436751","2025","Watch for reviews","6.74","6.63","6.98","6.79","6.88","6.72","medium","603","2","Trevor Benjamin / Brett J. Gilbert","Trevor Benjamin / Brett J. Gilbert","0.14","new","","False","301","2-4","25-40 min","3E400"
"1","Can't Win","467997","2026","Watch for reviews","6.74","6.79",,"6.4","6.37","6.72","low","113","2","新澤 大樹 (Taiki Shinzawa)","","0","new","","False","83","3-4","30-45 min","2B400"
"1","Bella Vista","452171","2026","Watch for reviews","6.74","6.62","6.73","7","7.24","6.78","low","188","2.17","Bruno Cathala / Andrea Mainini","Bruno Cathala","-0.09","new","","False","59","2-4","30-45 min",""
"1","Pleesheez","455642","2026","Watch for reviews","6.74","6.99",,"5.85","6.21","6.53","insufficient","6","1","Sandro Blasich","","0","new","","False","44","2-4","unknown","2-D120"
"1","Aspens","424507","2025","Watch for reviews","6.73","6.57",,"7.02","7.09","6.62","medium","475","1.62","Neil Edwards / Luke Roberts","","0","new","","False","33","2-2","30 min",""
"1","Bear Necessities","465600","2026","Watch for reviews","6.73","6.61",,"6.8","6.76","6.88","low","18","2.5","Johan Benvenuto / Gricha German","","0","new","","False","33","2-4","30-45 min",""
"1","Gruntz","439561","2026","Watch for reviews","6.72","6.48",,"7.22","6.98","6.78","medium","314","2.17","Carter Scott","","0","new","","False","77","2-2","10-30 min",""
"1","Questline","470190","2026","Watch for reviews","6.72","6.62",,"6.82","6.8","6.72","low","142","2","Marc-André Lavoie / Martin Lavoie","","0","new","","False","61","1-6","15 min","4-H500"
"1","Magic Number Eleven","411865","2024","Watch for reviews","6.72","6.62",,"6.78","6.69","6.79","medium","416","2.2","Bonghwan Ju","","0","new","","False","23","2-2","30 min","6-D405 (Playte)"
"1","Posers","425743","2025","Watch for reviews","6.72","6.69",,"6.84","6.38","6.53","insufficient","8","1","Patrik Chleboun / Jan Soukal / Alan Wallat","","0","new","","False","11","4-8","10-15 min","4C120"
"1","West Story: A Town Building Game","401009","2025","Watch for reviews","6.71","6.55",,"7.03","6.53","6.82","low","196","2.3","Piotr Dachtera","","0","new","","False","53","2-4","50-100 min","2-D510"
"1","Card Trip Europe","469236","2026","Watch for reviews","6.71","6.55",,"6.98","6.69","6.72","low","16","2","Yannick Zoldermans","","0","new","","False","29","2-6","20 min",""
"1","Hot Heads","465457","2026","Watch for reviews","6.71","6.62",,"6.68","6.92","6.72","low","13","2","Jeroen Geenen / Vera Quispel","","0","new","","False","14","2-5","25 min",""
"1","Mahjong","2093","1850","Watch for reviews","6.71","6.58",,"6.8","6.57","6.9","high","8376","2.58","(Uncredited)","","0","new","","False","8","3-4","120 min","2-C520"
"1","Skirmish: Battle for Draconia","429580","2026","Watch for reviews","6.71","6.53",,"6.84","6.62","7.06","low","74","3","Jeffrey CCH","","0","new","","False","7","2-4","30-45 min","3K315"
"1","Potemkin Villages","454829","2025","Watch for reviews","6.7","6.61",,"6.68","6.37","6.88","low","76","2.5","Petr Čáslava","","0","new","","False","168","2-4","15-30 min","4-D400"
"1","Forage","458390","2026","Watch for reviews","6.7","6.61","6.63","7.06","6.85","6.72","low","206","2","Molly Johnson / Robert Melvin / Shawn Stankewich","Molly Johnson / Robert Melvin / Shawn Stankewich","0.13","new","","False","138","1-6","15-30 min",""
"1","Frosted Blooms","449853","2026","Watch for reviews","6.7","6.57","6.73","7.03",,"6.72","medium","921","2","Bruno Cathala / Ludovic Maublanc","Bruno Cathala","-0.09","new","","False","99","1-4","20-40 min","2E610"
"1","Hidden Leaders Duel","440000","2025","Watch for reviews","6.7","6.49",,"7","6.64","6.91","low","74","2.6","Michiel de Wit","","0","new","","False","29","2-2","15-25 min","2C130"
"1","Marvel Dice Throne: X-Men – Cyclops v. Gambit v. Rogue v. Jean Grey","438729","2025","Watch for reviews","6.7","6.57","6.78","7.06","6.76","6.72","low","144","2","Gavan Brown / Nate Chatellier / Manny Trembley","Gavan Brown / Nate Chatellier / Manny Trembley","-0.31","new","","False","10","2-4","20-40 min","2E440"
"1","Horrified: Dungeons & Dragons – Ravenloft","468829","2026","Watch for reviews","6.7","6.41","6.85","7.25","7.63","6.72","low","89","2","Peter Lee / Nick Tourville","Peter Lee","-0.15","new","","False","9","1-5","60 min",""
"1","Tír na nÓg","343433","2024","Watch for reviews","6.69","6.5",,"7.02","6.69","6.77","high","1259","2.15","Isaac Shalev / Jason Slingerland","","0","new","343433","False","58","1-5","30-45 min",""
"1","Daytime Minutes","461564","2026","Watch for reviews","6.69","6.66",,"6.54","6.37","6.72","low","52","2","Cardner Babakitis","","0","new","","False","39","3-5","30-45 min","Golden Meeple (Hall 4 4F510)"
"1","Viking Route","411265","2026","Watch for reviews","6.69","6.4",,"7.13","7.21","6.83","low","27","2.33","Guido Albini / Martino Chiacchiera / Luca Maragno","","0","new","","False","33","1-4","60-120 min",""
"1","Nine Tails","467252","2026","Watch for reviews","6.69","6.63",,"6.76","6.47","6.59","insufficient","6","1.5","Rick Fuqua","","0","new","","False","30","2-5","30-45 min",""
"1","Encyclopedia of Monsters","463007","2026","Watch for reviews","6.69","6.58","6.99","6.76","6.71","6.53","low","38","1","Antoine Bauza / Corentin Lebrat / Théo Rivière","Antoine Bauza","0.2","new","","False","23","2-4","15-30 min","Booth 6K300"
"1","Tora Tora Tora!","465750","2026","Watch for reviews","6.69","6.39",,"7.45","7.12","6.59","insufficient","2","1.5","Wataru Horiba (堀場わたる)","","0","new","","False","8","2-2","90-120 min",""
"1","Planet Bee","459767","2026","Watch for reviews","6.68","6.42","6.65","7.35","7.23","6.83","low","32","2.33","Simone Luciani / Andrea Mainini","Simone Luciani","-0.57","new","","False","106","2-4","30 min",""
"1","Fragments: Solara","465738","2026","Watch for reviews","6.68","6.52",,"6.98","6.94","6.53","insufficient","5","1","Yohan Servais","","0","new","","False","56","1-4","90-120 min","6F200"
"1","Evenglow","463630","2026","Watch for reviews","6.68","6.52",,"6.95","6.84","6.64","low","66","1.75","Jason Katzwinkel","","0","new","","False","48","1-4","30-45 min",""
"1","dnup","432456","2025","Watch for reviews","6.67","6.5","7.07","6.92","6.37","6.56","high","3088","1.37","Kei Kajino (梶野 桂)","Kei Kajino (梶野 桂)","0.33","new","","False","98","2-5","15-20 min","7C111"
"1","Pipoca","448179","2025","Watch for reviews","6.67","6.53",,"7.07","6.37","6.53","low","93","1","Arthur Lacerda","","0","new","","False","72","1-2","5-10 min","4F510 - Golden Meeple"
"1","Tanbo","436638","2025","Watch for reviews","6.67","6.37",,"7.28","7.02","6.72","low","18","2","きゃし (Ikumo Tasaka)","","0","new","","False","11","2-2","5-20 min","6K301"
"1","Marvel Dice Throne: X-Men – Iceman v. Psylocke v. Storm v. Wolverine","438727","2025","Watch for reviews","6.67","6.51","6.78","7.06","6.76","6.72","low","158","2","Gavan Brown / Nate Chatellier / Manny Trembley","Gavan Brown / Nate Chatellier / Manny Trembley","-0.31","new","","False","10","2-4","20-40 min","2E440"
"1","Satchel Quest","359842","2026","Watch for reviews","6.66","6.51","6.63","7.09","7.03","6.72","low","43","2","Molly Johnson / Robert Melvin / Shawn Stankewich","Molly Johnson / Robert Melvin / Shawn Stankewich","0.13","new","","False","122","1-4","60 min","2-E111"
"1","Vazerneiros","447488","2025","Watch for reviews","6.66","6.6",,"6.71","6.33","6.59","low","32","1.5","Paulo Oliveira","","0","new","","False","59","3-5","30-45 min","4F510 - Golden Meeple"
"1","Threaded: A Game of Needles and Points","453282","2026","Watch for reviews","6.66","6.3",,"7.12","7.66","6.86","low","93","2.43","Ellie Dix","","0","new","","False","36","2-5","30-45 min",""
"1","FlipToons: Season 2","473739","2026","Watch for reviews","6.65","6.51","6.76","7.05","6.69","6.63","medium","504","1.71","Jordy Adan / Renato Simões","Jordy Adan","-0.14","new","","False","143","1-4","15-30 min",""
"1","Walking in Kamogawa","468942","2026","Watch for reviews","6.65","6.47",,"6.92","6.69","6.72","low","15","2","Sérgio Halaban / André Teruya","","0","new","","False","57","1-5","20-30 min","4J325"
"1","Carcassonne Labyrinth","469594","2026","Watch for reviews","6.65","6.51","6.76","6.96","6.81","6.64","low","147","1.75","Max J. Kobbert / Klaus-Jürgen Wrede","Max J. Kobbert / Klaus-Jürgen Wrede","-0.04","new","","False","37","1-4","30 min",""
"1","Coffee Rush: Winter","462564","2026","Watch for reviews","6.65","6.43",,"7.18","6.57","6.59","low","32","1.5","Euijin Han","","0","new","","False","33","2-4","30-40 min","5-A300"
"1","Faust vs Mephisto","446269","2025","Watch for reviews","6.65","6.59",,"6.32","6.93","6.72","low","131","2","Geonil","","0","new","","False","29","2-2","10-25 min",""
"1","Duat","440609","2025","Watch for reviews","6.65","6.49",,"6.95","6.57","6.59","low","34","1.5","Caleb Carvalho","","0","new","","False","7","2-2","5-10 min","3-A110"
"1","Schadenfreude","324711","2020","Watch for reviews","6.63","6.61",,"6.34","6.37","6.64","high","1538","1.77","ctr","","0","new","","False","127","3-5","15-20 min","Hall 7 - B111"
"1","SAN","470590","2026","Watch for reviews","6.63","6.55",,"6.56","6.37","6.66","low","77","1.83","Jules Messaud / Martin Montergnole","","0","new","","False","35","2-2","25 min","2A440"
"1","Got What It Bakes?","449655","2025","Watch for reviews","6.63","6.36",,"6.95","6.83","6.88","low","95","2.5","Sajgó Anikó / Béres Marianna","","0","new","","False","17","1-4","30-60 min","2-B345"
"1","Fauch & Fertig","470092","2026","Watch for reviews","6.63","6.54","6.82","6.68","6.37","6.72","insufficient","1","2","Thorsten Gimmler","Thorsten Gimmler","0.28","new","","False","7","2-4","30 min","3-C300"
"1","1st Band","465946","2026","Watch for reviews","6.62","6.51",,"6.78","6.32","6.59","low","40","1.5","Zong-Ger(蔥哥)","","0","new","","False","76","3-5","10-15 min","5-H400"
"1","Hotshots","218050","2017","Watch for reviews","6.62","6.35",,"6.99","6.87","6.79","medium","953","2.19","Justin De Witt","","0","new","","False","33","1-4","60 min","2D210"
"1","Dustbiters","343847","2021","Watch for reviews","6.62","6.37",,"7.17","6.63","6.58","medium","353","1.47","Robbie Fraser / Jan Willem Nijman / Terri Vellmann","","0","new","","False","26","2-2","10-15 min",""
"1","1880: Romania","458806","2026","Watch for reviews","6.62","6.16","6.92","7.21","7.04","7.26","low","10","4","Leonhard ""Lonny"" Orgler","Leonhard ""Lonny"" Orgler","-0.1","new","","False","25","2-6","120-240 min","4-F120"
"1","Last Lemming","472329","2026","Watch for reviews","6.62","6.48",,"6.6","6.75","6.72","low","11","2","Marco Teubner","","0","new","","False","8","3-6","40 min",""
"1","Freigard","413249","2026","Watch for reviews","6.61","6.29","7.12","7.07","6.6","6.63","low","73","1.67","Reiner Knizia","Reiner Knizia","0.55","new","","False","31","1-1","15 min","2D411"
"1","Âmbar","453576","2026","Watch for reviews","6.6","6.34",,"7.09","6.57","6.72","insufficient","5","2","Nuno Santos","","0","new","","False","55","2-4","30 min","6-G225"
"1","Shards of Creation","451772","2026","Watch for reviews","6.6","6.45",,"6.62","6.48","6.72","low","159","2","Hayden Dillard","","0","new","","False","51","2-4","30 min","3F610"
"1","Panda Spin","417323","2024","Watch for reviews","6.6","6.37",,"6.9","6.52","6.73","high","1935","2.04","Carl Chudyk","","0","new","","False","41","2-5","25-40 min","6B300"
"1","Toshi Tōshi","442095","2025","Watch for reviews","6.6","6.41",,"6.83","6.37","6.72","low","39","2","Suzuki Takayuki (鈴木 タカユキ)","","0","new","","False","34","3-5","30 min","3-F120 (PTS / Matagot booth)"
"1","Positano","383190","2025","Watch for reviews","6.6","6.33",,"6.91","7.16","6.64","medium","404","1.75","Jeff Grisenthwaite","","0","new","","False","23","1-4","20-45 min",""
"1","Fishing 2","468799","2026","Watch for reviews","6.59","6.56",,"6.21","6.45","6.63","low","53","1.67","Friedemann Friese","","0","new","","False","179","3-5","40-60 min","3G215"
"1","The Six of VIII","394691","2024","Watch for reviews","6.59","6.45",,"6.48","6.64","6.72","low","284","2","Carol LaGrow","","0","new","","False","57","3-4","15-60 min",""
"1","Manila","15817","2005","Watch for reviews","6.59","6.28",,"7.11","6.78","6.73","high","6463","2.04","Franz-Benno Delonge","","0","new","","False","22","3-5","60 min","6-D405"
"1","Haggis","37628","2010","Watch for reviews","6.58","6.33",,"6.93","6.37","6.76","high","5054","2.1","Sean Ross (I)","","0","new","","False","64","2-4","45 min","4F510 - Golden Meeple"
"1","Next Station: Berlin","464261","2026","Watch for reviews","6.58","6.3","6.96","6.83","6.83","6.72","low","149","2","Matthew Dunstan","Matthew Dunstan","0.07","new","","False","54","1-4","25 min",""
"1","Punica: Rome vs Carthage","445456","2025","Watch for reviews","6.58","6.19",,"7.23","7.48","6.61","low","152","1.6","Mariusz Rosik","","0","new","","False","15","2-2","20 min",""
"1","Wroth","414117","2025","Watch for reviews","6.57","6.31","6.65","7.16","6.88","6.81","high","1682","2.28","Manny Trembley","Manny Trembley","-0.42","new","","False","44","1-4","60 min",""
"1","Odéon","464746","2026","Watch for reviews","6.57","6.26",,"7.01",,"6.72","low","27","2","Sébastien Datiche / Cyrille Sellier","","0","new","","False","18","2-4","40-60 min","6-D401 (GRRR Games booth)"
"1","Yokai Forest Duel","463921","2026","Watch for reviews","6.56","6.36",,"6.68","6.79","6.59","low","21","1.5","Stefan Godot","","0","new","","False","56","2-8","15-20 min","3N400"
"1","12 Rivers","447649","2025","Watch for reviews","6.56","6.27",,"7.02","6.6","6.68","medium","738","1.9","Romain Caterdjian","","0","new","","False","44","2-4","45-75 min",""
"1","Bee Bee","459034","2026","Watch for reviews","6.56","6.36",,"6.88","6.44","6.53","insufficient","9","1","Pablo Jiménez","","0","new","","False","11","2-5","15-30 min","2-D630"
"1","Peacock","445590","2026","Watch for reviews","6.55","6.33",,"6.83","6.52","6.62","low","153","1.62","Chris Priscott","","0","new","","False","23","2-4","25 min","6K301"
"1","Cat and the Tower","424751","2024","Watch for reviews","6.54","6.19",,"7.24","6.74","6.55","medium","846","1.29","Masakazu Takizawa (たきざわ まさかず)","","0","new","","False","68","1-5","15-30 min","6A200"
"1","CATsle Builders","405460","2023","Watch for reviews","6.54","6.38",,"6.49","6.37","6.72","low","275","2","Fukutarou / Yozaemon Matumoto (松本与左衛門)","","0","new","","False","52","3-5","30-40 min","4F510"
"1","LEGO: NINJAGO – Destiny's Bounty Adventures","462678","2026","Watch for reviews","6.54","6.15",,"7.22","6.76","6.72","low","74","2","Jonas Resting-Jeppesen","","0","new","","False","11","2-4","30-45 min","7C311"
"1","Oshaka Trick","468836","2026","Watch for reviews","6.53","6.53",,"5.85","6.37","6.72","low","48","2","笠置啓太 (Keita Kasagi)","","0","new","","False","48","3-4","20-25 min","4D515"
"1","Quashars","446442","2025","Watch for reviews","6.53","6.51",,"5.85","6.37","6.72","low","103","2","新澤 大樹 (Taiki Shinzawa)","","0","new","","False","21","3-4","40 min","5-M310"
"1","Warp & Weft","412013","2024","Watch for reviews","6.53","6.23",,"6.88","6.65","6.72","low","98","2","Cami Muñoz Villar","","0","new","","False","12","2-5","25-35 min",""
"1","Tornado Splash","444648","2025","Watch for reviews","6.52","6.26",,"6.73","6.93","6.54","medium","351","1.27","Moyuki Adisawa (アヂサワモユキ)","","0","new","","False","54","2-5","20-40 min","6B300"
"1","Purrramid","451297","2026","Watch for reviews","6.52","6.16","7.12","6.83","6.77","6.57","low","260","1.43","Reiner Knizia","Reiner Knizia","0.55","new","","False","40","2-4","30 min",""
"1","High Five","467758","2026","Watch for reviews","6.52","6.34",,"6.75","6.14","6.53","insufficient","4","1","Stefan Godot","","0","new","","False","34","2-6","15 min","3N400"
"1","CRAB RAGE!","464931","2026","Watch for reviews","6.52","6.1",,"7.26","6.85","6.72","low","13","2","Pim Thunborg","","0","new","","False","22","3-5","30-45 min",""
"1","Kulami","108831","2011","Watch for reviews","6.52","6.13",,"7.35","6.57","6.63","medium","901","1.71","Andreas Kuhnekath-Häbler","","0","new","","False","8","2-2","30 min","8D300"
"1","Go Big","453535","2026","Watch for reviews","6.52","6.35",,"6.66","6.26","6.53","low","16","1","Antony Proietti","","0","new","","False","3","3-6","15-20 min",""
"1","The Slasher","446466","2025","Watch for reviews","6.51","6.28",,"6.5","6.97","6.63","low","90","1.67","タカハシ カツナリ (Katsunari Takahashi","","0","new","","False","41","2-2","15-30 min",""
"1","Blancat","462649","2026","Watch for reviews","6.51","6.29",,"6.62","6.78","6.53","low","25","1","Nutgoo.Lee","","0","new","","False","21","2-4","20 min","5-A300"
"1","Vines and Flowers: Blooming Harmony","424745","2026","Watch for reviews","6.51","6.19",,"6.85","6.73","6.72","low","35","2","Hanshi Li / Wu Ying","","0","new","","False","17","2-4","30-60 min",""
"1","Terravista","469668","2026","Watch for reviews","6.5","6.18",,"6.99","6.72","6.53","low","14","1","Eilif Svensson / Åsmund Svensson","","0","new","","False","174","1-6","15 min",""
"1","Railway Porters","470241","2026","Watch for reviews","6.5","6.17",,"6.95","6.72","6.61","low","75","1.6","Saashi","","0","new","","False","109","2-4","30 min","6-C300"
"1","Bordeaux","451034","2026","Watch for reviews","6.5","5.99","6.99","7.04","7.66","6.75","low","192","2.09","Ben Rosset","Ben Rosset","-0.07","new","","False","75","1-75","30 min","AllPlay booth 8-D120"
"1","Tricky Time Crisis","383701","2023","Watch for reviews","6.5","6.35",,"6.34","6.37","6.67","medium","450","1.86","Jon Barron","","0","new","","False","57","2-5","25-45 min","4F510"
"1","Dickory","347218","2021","Watch for reviews","6.5","6.2",,"6.92","6.37","6.68","low","277","1.9","Sean Ross (I) / Hanibal Sonderegger","","0","new","","False","28","2-2","10-20 min","Hall 6 6D405"
"1","Cosmo","454177","2026","Watch for reviews","6.5","6.23",,"6.65","7.09","6.53","low","41","1","宮野 華也 (Kaya Miyano)","","0","new","","False","11","2-5","15-20 min","8D300"
"1","Dragonarium","439520","2026","Watch for reviews","6.49","6.09",,"7.2","6.6","6.72","low","196","2","Wei Chang / Kuan Chen","","0","new","","False","65","1-4","30-45 min","5-H400"
"1","Haunted Mouse","443195","2026","Watch for reviews","6.49","6.15",,"6.92","6.87","6.63","low","154","1.67","Jonathan Cox","","0","new","","False","56","2-5","20-45 min",""
"1","Capsule Collector","462897","2026","Watch for reviews","6.49","6.17",,"6.83",,"6.59","low","34","1.5","Joohyun","","0","new","","False","29","2-4","15 min","5-A300"
"1","Abraca Who?","467434","2026","Watch for reviews","6.49","6.16",,"6.8","6.73","6.72","insufficient","8","2","Gary Kim","","0","new","","False","22","3-6","15 min","5-A300"
"1","Pet's Run","413527","2026","Watch for reviews","6.49","6.26",,"6.66","6.53","6.53","insufficient","7","1","Santiago Zanon","","0","new","","False","14","2-6","15-30 min","2-D630"
"1","Leylines","367842","2025","Watch for reviews","6.49","6.05","6.82","7.22","7.13","6.72","low","70","2","Daryl Andrews / Wolfgang Kramer","Wolfgang Kramer","0.09","new","","False","6","2-6","45-60 min","2E440"
"1","Brushwood","461900","2026","Watch for reviews","6.48","6.14",,"6.94",,"6.55","low","42","1.33","Filippo Landini","","0","new","","False","45","2-4","30 min","5-A300"
"1","Pinched!","450685","2025","Watch for reviews","6.48","6.04","7.05","7.08","6.78","6.6","low","286","1.56","Jonathan Gilmour-Long / David Gordon (I)","Jonathan Gilmour-Long","-0.15","new","","False","45","2-5","45-60 min",""
"1","Seven Prophecies","260568","2017","Watch for reviews","6.48","6.32",,"6.3","6.48","6.59","low","208","1.5","折口 日向 (Hinata Origuchi)","","0","new","","False","42","3-4","25-35 min","3B300"
"1","Alebrijes","438736","2025","Watch for reviews","6.48","6.07",,"7.07","6.68","6.72","low","48","2","Joel Escalante / Rafael Escalante","","0","new","","False","18","3-5","15-25 min","6B200"
"1","Stick 'Em","354","1993","Probably skip","6.47","6.25",,"6.43","6.37","6.68","high","4094","1.9","Klaus Palesch","","0","new","","False","50","3-8","30-60 min",""
"1","Mijnlieff","72667","2010","Probably skip","6.47","6.11",,"6.99","6.57","6.63","medium","733","1.68","Andy Hopwood","","0","new","","False","36","2-2","10 min","2C115"
"1","Insurrection","450281","2025","Watch for reviews","6.47","6.16",,"6.81","6.63","6.61","low","226","1.6","Tore Næss","","0","new","","False","24","2-6","15-25 min",""
"1","Qomet","450550","2025","Watch for reviews","6.47","6.12",,,"6.57","6.72","low","65","2","Fabrice Puleo","","0","new","","False","9","2-2","15 min","6K300"
"1","Fearsome Floors","7805","2003","Probably skip","6.46","5.95",,"7.16","7.57","6.66","high","8591","1.81","Friedemann Friese","","0","new","","False","106","2-7","60 min","3G215"
"1","Honeypot","458391","2026","Watch for reviews","6.46","6.11",,"6.97","6.58","6.59","low","198","1.5","Joseph Z. Chen","","0","new","","False","85","1-6","15-30 min",""
"1","Circadia","454399","2026","Watch for reviews","6.46","6.14",,"6.8","6.68","6.63","low","168","1.67","Hisashi Hayashi","","0","new","","False","45","2-5","30 min","2E610"
"1","Flamenco","456709","2025","Watch for reviews","6.46","6.04",,"7.07","7.02","6.55","low","35","1.33","Nutgoo.Lee","","0","new","","False","41","2-5","15-30 min","4E425"
"1","Orbita","452324","2025","Watch for reviews","6.46","6.13",,"6.94","6.37","6.65","low","108","1.8","Geonil","","0","new","","False","30","2-2","15 min",""
"1","Pouss' Ta Poule","461380","2026","Watch for reviews","6.46","6.3","6.79","6.52","6.35","6.53","low","10","1","Yannis Lidy / Benoit Turpin","Benoit Turpin","-0","new","","False","12","2-4","20 min",""
"1","Power Vacuum","402106","2024","Probably skip","6.45","6.13",,"6.66","6.52","6.73","medium","949","2.04","Kaleb Wentzel-Fisher","","0","new","","False","61","1-5","30-45 min",""
"1","Meow Heist","462488","2025","Watch for reviews","6.45","6.16",,"6.89","6.26","6.53","low","28","1","Ibuink","","0","new","","False","23","3-6","15 min","5.K415"
"1","Carnival of Sins","447379","2025","Probably skip","6.44","6.07",,"6.98","6.55","6.56","medium","689","1.36","Alex Nogués","","0","new","","False","49","2-5","10-20 min","6B300"
"1","Ruleta Rusa","465128","2026","Watch for reviews","6.44","6.06",,"7.05","6.57","6.55","low","88","1.33","Raul Lopez Gamiz","","0","new","","False","39","2-6","10 min","3G120"
"1","Quest Inc.","392465","2025","Watch for reviews","6.44","6.02",,"6.89","6.89","6.72","low","48","2","Thiago Leite","","0","new","","False","24","2-5","40-75 min","2E440"
"1","All Mine!","467955","2026","Watch for reviews","6.44","6.19",,"6.42","6.37","6.72","low","34","2","Arve D. Fühler","","0","new","","False","22","3-4","30 min","3B300"
"1","Red North","447737","2025","Watch for reviews","6.44","6.09",,"6.84","6.37","6.72","low","155","2","James Dickinson","","0","new","","False","12","2-4","25-45 min",""
"1","La Cuenta","437581","2025","Probably skip","6.43","6.14",,"6.81","6.18","6.53","high","1284","1.13","Carles Carreras","","0","new","","False","124","3-8","5-15 min",""
"1","Bloom Kingdom","465127","2026","Watch for reviews","6.43","6.08",,"6.8","6.55","6.62","low","150","1.62","Christian Kudahl / Thomas Weber (III)","","0","new","","False","57","2-5","15-25 min",""
"1","Panorama","462763","2026","Watch for reviews","6.43","6.02",,"7.06","6.86","6.53","low","128","1","Melody Leblond / Jules Messaud","","0","new","","False","23","2-4","15-20 min",""
"1","PAC-MAN Craze Maze","465348","2026","Watch for reviews","6.43","6.05",,"7","6.6","6.53","low","23","1","Yannick Beaulé / Arnaud Perez","","0","new","","False","18","2-5","15-25 min",""
"1","Manoir Bizarre","468087","2026","Watch for reviews","6.43","6.05",,"7.07","6.2","6.63","low","147","1.67","Louis Blaise / Justine Vanhuffel","","0","new","","False","11","2-4","20-30 min","6-G300"
"1","Thieves of Eldris","436908","2026","Watch for reviews","6.42","6.04",,"6.8","6.59","6.72","low","53","2","Aaron Crow / Ryan Scott","","0","new","","False","77","1-6","20-45 min","3-R400"
"1","Odysseus","466241","2026","Watch for reviews","6.42","5.76","7.33","7.09","7.32","6.54","low","57","1.25","Johannes Goupy / Matthieu Verdier","Matthieu Verdier","0.29","new","","False","41","1-5","25 min","6K300"
"1","Spur Note","459657","2025","Watch for reviews","6.42","6.26",,"5.85","6.66","6.72","low","17","2","Rail Amasaki","","0","new","","False","29","2-4","10-20 min","5-K400"
"1","Moustache","448428","2025","Probably skip","6.42","6.12",,"6.71","6.43","6.56","medium","383","1.38","Alexandre Aguilar / Jules Messaud","","0","new","","False","26","3-6","20 min",""
"1","Vine","421209","2026","Watch for reviews","6.42","5.96",,"7.11","7.07","6.53","low","33","1","Bobby Powell","","0","new","","False","14","1-6","20-30 min","3-S120"
"1","Zombie Princess","443074","2026","Watch for reviews","6.41","6.09","6.63","6.87","6.83","6.72","low","228","2","Ted Alspach","Ted Alspach","-0.1","new","","False","106","3-6","30-60 min",""
"1","Dicequest","459935","2026","Watch for reviews","6.41","5.97",,"6.77","6.66","6.88","low","12","2.5","Jochen Eisenhuth","","0","new","","False","41","1-4","30-60 min","3-P111"
"1","Orcs up!","458824","2026","Watch for reviews","6.4","6",,,"6.71","6.53","low","48","1","Luca Bellini (II) / Sara Valentino","","0","new","","False","47","2-6","30 min",""
"1","High Five 18+","467756","2026","Watch for reviews","6.4","6.04",,"6.75","6.65","6.53","insufficient","3","1","Stefan Godot","","0","new","","False","28","2-6","15 min","3N400"
"1","Stem & Branch","418388","2026","Watch for reviews","6.4","5.93",,"7.08","6.81","6.65","low","141","1.8","Michael Orion","","0","new","","False","16","1-4","20-30 min","6-F301"
"1","Spyworld","454696","2026","Watch for reviews","6.4","6.09",,"6.57","6.27","6.72","low","125","2","Frédéric Morard","","0","new","","False","10","2-99","30 min","6B200"
"1","Minikin City","458770","2026","Watch for reviews","6.39","6.18","6.99","5.85","6.81","6.61","low","165","1.57","Simone Luciani / Matthieu Verdier","Simone Luciani / Matthieu Verdier","-0.14","new","","False","116","2-5","30 min",""
"1","Stonk Market","466911","2026","Watch for reviews","6.39","5.83","7.12","7.11","6.98","6.53","low","66","1","Reiner Knizia","Reiner Knizia","0.55","new","","False","66","3-6","20 min",""
"1","Tax the Rich","446492","2025","Probably skip","6.39","6",,"6.71","6.6","6.68","medium","600","1.89","Kristian Amundsen Østby / Kjetil Svendsen","","0","new","","False","49","3-6","20-30 min",""
"1","Jusayo","467435","2026","Watch for reviews","6.39","6.03",,"6.67","6.78","6.59","low","18","1.5","Woojin Yang","","0","new","","False","31","3-5","15 min","5-A300"
"1","Greedy Grabbers","462499","2026","Watch for reviews","6.39","6.06",,"6.83","6.21","6.53","low","12","1","Rian Mennen","","0","new","","False","10","3-6","30-40 min","3H225"
"1","Vroom","461381","2026","Watch for reviews","6.38","5.97",,"6.87","6.65","6.54","low","160","1.25","Antonin Boccara","","0","new","","False","82","3-6","15 min",""
"1","Gretchen's Garden","462605","2026","Watch for reviews","6.38","5.82",,"7.46","6.37","6.72","low","42","2","Jay Bendixen / Ryan Boucher","","0","new","","False","4","2-4","45 min","Asmodee, Halle 7"
"1","Gachapon Trick","430856","2024","Probably skip","6.37","6.1",,"6.34","6.37","6.58","medium","363","1.44","Daniel Newman","","0","new","","False","37","2-4","20-40 min","Hall 6 6D405"
"1","Coaster Clash","462500","2026","Watch for reviews","6.37","5.98",,,"6.37","6.53","insufficient","9","1","Rogier van Ham","","0","new","","False","25","3-5","30-45 min","3-H225"
"1","ONDA","416952","2024","Watch for reviews","6.36","5.93",,"6.92","6.37","6.66","low","137","1.83","Arthur Lacerda","","0","new","","False","42","2-5","30-40 min","4E425"
"1","Crescendo","454061","2026","Watch for reviews","6.35","5.97",,"6.61","6.39","6.72","insufficient","6","2","Christwart Conrad","","0","new","","False","45","2-6","20-40 min","6-G225"
"1","HUND","143882","2013","Probably skip","6.35","6.13",,"5.85","6.52","6.78","medium","626","2.15","Klaus Geis","","0","new","","False","43","2-5","45 min","4E425"
"1","Soulaween","269766","2019","Probably skip","6.35","5.87",,"6.97","6.82","6.6","medium","406","1.55","Shi Chen","","0","new","","False","20","2-2","15-30 min","2E510"
"1","Last Minute","413250","2025","Watch for reviews","6.35","5.86",,"7.08","6.63","6.57","low","101","1.4","Romaric Galonnier / Luc Rémond","","0","new","","False","17","1-5","10 min",""
"1","Two Rooms","327396","2020","Watch for reviews","6.35","5.97",,"6.57","6.45","6.72","low","191","2","Akiyama Koryo / Kozu Yusei","","0","new","","False","13","2-2","15-30 min",""
"1","Flip 7: With A Vengeance","463441","2026","Probably skip","6.34","5.94",,"6.87","6.26","6.53","high","2150","1.05","Eric Olsen / Alyssa Swatek","","0","new","","False","55","3-28","20 min",""
"1","Similo","268620","2019","Probably skip","6.33","5.89","6.92","6.84","6.57","6.53","high","8065","1.05","Martino Chiacchiera / Hjalmar Hach / Pierluca Zizzi","Hjalmar Hach","0.22","new","","False","70","2-8","10-15 min","6B115"
"1","Use Up All Your Sick Days","449450","2026","Watch for reviews","6.32","5.82",,"7.06","6.52","6.55","low","38","1.33","Dylan Coyle","","0","new","","False","53","1-6","10-20 min",""
"1","No Risk, No Tower!","470352","2026","Watch for reviews","6.32","5.87",,"6.85","6.65","6.53","low","31","1","Jochen Knittel","","0","new","","False","25","2-2","15-20 min","3C300"
"1","Jackpot: Set the Reel","447589","2026","Watch for reviews","6.31","5.79",,"6.88","6.55","6.8","low","182","2.22","Kristian Karlberg / Kenny Zetterberg","","0","new","","False","50","1-4","30-60 min",""
"1","Moonlight: The Land of the Wolves","441731","2025","Watch for reviews","6.31","5.69",,"7.24","6.73","6.72","low","226","2","Alexandre Aguilar / Thomas Favrelière","","0","new","","False","26","2-2","15-30 min","2C130"
"1","Sandcastles","469599","2026","Watch for reviews","6.31","5.85",,"6.9","6.57","6.53","low","31","1","Alex Cutler","","0","new","","False","13","2-6","10-20 min",""
"1","Bookshelf","458571","2026","Watch for reviews","6.3","5.77",,"6.95","6.82","6.53","low","225","1","Caezar Al-Jassar","","0","new","","False","192","1-6","15-20 min","3F400"
"1","Finger Pirates","468368","2026","Watch for reviews","6.3","5.85",,"6.89","6.4","6.53","low","17","1","ましう (Mashiu)","","0","new","","False","23","4-5","15-20 min","Hall 6 6D405"
"1","Red7","161417","2014","Probably skip","6.3","5.88","6.76","6.9","6.32","6.63","high","17543","1.7","Carl Chudyk / Chris Cieslik","Chris Cieslik","-0.15","new","","False","13","2-4","5-30 min","2E440"
"1","Pirate King!","428776","2025","Watch for reviews","6.3","5.83",,"6.84","6.57","6.54","low","136","1.25","Frankie Bu","","0","new","","False","5","2-5","15 min","2E430"
"1","Shock! Knights & Poisons","304949","2020","Watch for reviews","6.29","5.98",,"6.19","6.37","6.59","low","221","1.5","おーつぼじゅうじん (Jyujin Ohtsubo)","","0","new","","False","62","3-5","30 min","4F510 - Golden Meeple"
"1","Snowp","452143","2025","Watch for reviews","6.29","5.78",,"6.89","6.82","6.53","low","24","1","Eisuke Fujinawa (藤縄英佑) / Kazunori Hori (堀和紀)","","0","new","","False","37","2-6","20-30 min","H5M325"
"1","The Phantom of the Opera","419416","2024","Watch for reviews","6.29","6",,"5.85","6.93","6.63","low","120","1.67","Geonil","","0","new","","False","24","2-2","15 min",""
"1","Plotters, Inc.","113","1999","Probably skip","6.29","6.04",,"5.85","6.37","6.67","medium","405","1.85","Klaus Palesch","","0","new","","False","19","4-6","60 min","Hall 6 6D405"
"1","FOMO: Foragers of Mechanical Oddities","457050","2025","Watch for reviews","6.29","5.84",,"6.77","6.53","6.53","low","26","1","Rodrigo Esper","","0","new","","False","17","3-5","20-30 min","5K325"
"1","Machi Koro: Life","421611","2023","Watch for reviews","6.29","5.7",,"7.19","6.72","6.59","low","30","1.5","Masao Suganuma","","0","new","","False","17","2-5","45 min",""
"1","Citadels Duel","462402","2026","Watch for reviews","6.28","5.73","6.84","6.92","6.81","6.72","low","90","2","Guillaume Montiage / Manuel Rozoy","Guillaume Montiage","-0.24","new","","False","51","2-2","30 min",""
"1","Monster Trick","172309","2015","Probably skip","6.27","6.01",,"5.85","6.37","6.68","medium","464","1.9","Ralf zur Linde","","0","new","","False","60","2-5","40 min","4F510 - Golden Meeple"
"1","Triangulation","453704","2026","Watch for reviews","6.27","5.8",,"6.81","6.51","6.53","low","241","1","Peter C. Hayward","","0","new","","False","48","3-8","10-20 min",""
"1","Tacta","401636","2025","Probably skip","6.27","5.72",,"6.99","6.64","6.55","high","2489","1.33","Jason Tremblay","","0","new","","False","43","2-6","20 min",""
"1","Fliegen kriegen","470090","2026","Watch for reviews","6.27","5.81",,"6.71","6.5","6.53","insufficient","1","1","Svea Schenkel","","0","new","","False","3","2-6","15 min","3-C300"
"1","The Four Doors","447687","2025","Watch for reviews","6.25","5.72","6.62","7.2","6.6","6.66","low","240","1.83","Matt Leacock / Ben Pinchback / Matt Riddle","Matt Leacock","-0.33","new","","False","25","1-5","30 min",""
"1","Shout the Clue","453529","2026","Watch for reviews","6.25","5.72",,"6.94","6.52","6.53","low","22","1","Valéry Fourcade","","0","new","","False","9","3-8","15 min",""
"1","Symbiosis","432451","2025","Probably skip","6.24","5.72",,"6.83","6.69","6.53","high","1159","1.09","Jérémy Partinico / Christelle Partinico","","0","new","","False","38","2-4","10-20 min","2C115"
"1","Cat Trick","460428","2026","Watch for reviews","6.24","5.82",,"6.4","6.44","6.59","low","28","1.5","Nagi-an (凪庵)","","0","new","","False","20","3-5","15 min","8D300"
"1","10 to Leave","445868","2025","Watch for reviews","6.24","5.76",,"6.78","6.32","6.54","low","81","1.25","Kula","","0","new","","False","20","2-5","10-20 min","5H400"
"1","King of the Dice","235922","2017","Probably skip","6.24","5.73",,"6.84","6.56","6.53","high","2259","1.07","Nils Nilsson","","0","new","","False","5","2-5","20-30 min",""
"1","6 Forces","430995","2024","Watch for reviews","6.23","5.95",,"5.85","6.37","6.53","low","49","1","新澤 大樹 (Taiki Shinzawa)","","0","new","","False","21","3-4","40 min","5-M310"
"1","Camelio","451930","2025","Watch for reviews","6.23","5.72",,"6.68","6.65","6.53","low","53","1","Paolo Bianchi (II)","","0","new","","False","5","2-4","15-20 min","2E430"
"1","Stubborn Sheep","461909","2026","Watch for reviews","6.22","5.64",,"6.84","6.52","6.72","insufficient","9","2","Bert Menting","","0","new","","False","17","1-5","30-50 min","3H225"
"1","Sweeet","452538","2025","Watch for reviews","6.21","5.74",,"6.52","6.52","6.53","low","34","1","Gautier de Cottreau / Anthony Martin","","0","new","","False","48","2-5","10 min","3-C300"
"1","DaDaDa","420091","2024","Probably skip","6.2","5.69",,"6.75","6.18","6.53","medium","410","1.11","Gustavo (mut/moochi) Ceci Guimarães / Lee McGirr / TJ Spalty / Julian Spinelli","","0","new","","False","18","2-99","15-30 min",""
"1","Kumata","458956","2026","Watch for reviews","6.19","5.53",,"7.05","6.67","6.64","low","238","1.75","Claude Leroy","","0","new","","False","13","2-4","15-20 min",""
"1","Allegra","316407","2020","Watch for reviews","6.19","5.59",,"6.95","6.32","6.59","low","294","1.5","Bella Lucca","","0","new","","False","11","2-6","30-40 min","6B200"
"1","The Game of Birds","469104","2026","Watch for reviews","6.19","5.55","6.8","7.06","6.69","6.72","insufficient","8","2","Robert Macfarlane / Michael Rieneck","Michael Rieneck","-0.23","new","","False","10","2-4","unknown",""
"1","Digit Code","437781","2025","Probably skip","6.18","5.7",,"6.4","6.36","6.67","medium","645","1.85","Shota Hasuike","","0","new","","False","20","2-5","20-25 min",""
"1","Enemy Anemone","391985","2023","Probably skip","6.17","5.81",,"5.85","6.52","6.62","medium","317","1.62","Daniel Newman","","0","new","","False","21","2-6","20-40 min","Hall 6 6D405"
"1","Excalibur","434172","2026","Probably skip","6.17","5.7","6.65","6.74","6.59","6.54","high","1330","1.25","Manny Trembley","Manny Trembley","-0.42","new","","False","18","2-8","15-25 min","2E440"
"1","Fernweh","466244","2026","Watch for reviews","6.15","5.48",,"6.82","6.7","6.72","low","16","2","Wim Goossens","","0","new","","False","17","2-5","15-60 min","2E440"
"1","Veggie Match","450977","2025","Watch for reviews","6.15","5.43",,"7.17","6.72","6.53","low","79","1","Yoshihiko Koriyama (郡山喜彦) / Yukihito Morikawa (森川幸人) / Xavier Taverne","","0","new","","False","12","3-6","15 min",""
"1","Grind House","263894","2020","Probably skip","6.15","5.44",,"7.11","6.96","6.53","medium","339","1","Jon Cohn / Siddarth RG","","0","new","","False","5","2-6","20-30 min",""
"1","Fugu","466239","2026","Watch for reviews","6.14","5.5",,"6.82","6.58","6.59","low","59","1.5","Flavio Foches / Riccardo Foches","","0","new","","False","30","1-4","25 min","8D300"
"1","Cats Knocking Things Off Ledges","459990","2026","Watch for reviews","6.13","5.57","6.68","6.95","6.54","6.54","low","210","1.25","David Killing / Sen-Foong Lim","Sen-Foong Lim","-0.12","new","","False","30","2-4","15 min",""
"1","Furry Poker","445041","2025","Watch for reviews","6.13","5.52",,"6.82","6.37","6.53","low","37","1","Zong-Ger(蔥哥)","","0","new","","False","16","2-4","15-30 min","5H400"
"1","The Bark Side","249817","2018","Watch for reviews","6.13","5.76",,"5.85","6.27","6.59","low","81","1.5","円卓P (entaku_P)","","0","new","","False","15","3-6","30 min",""
"1","Skyward Republic","464564","2026","Watch for reviews","6.11","5.33",,"6.93","7.24","6.72","low","12","2","Brendan Evans","","0","new","","False","30","2-4","30-75 min","2D530"
"1","Gigamons","170969","2014","Probably skip","6.1","5.55",,"6.45","6.39","6.53","medium","469","1.15","Karim Aouidad / Johann Roussel","","0","new","","False","4","2-4","15 min","2E440"
"1","Brumble Quest","474443","2026","Watch for reviews","6.09","5.47",,"6.8","6.14","6.53","low","18","1","J. Arthur Ellis","","0","new","","False","19","3-50","10 min",""
"1","67 Six Seven","466939","2026","Watch for reviews","6.07","5.39",,"6.85","6.41","6.53","low","14","1","Aida Márquez Bonet / Eugeni Castaño","","0","new","","False","55","2-6","15-20 min","3-U210 (Combo Games)"
"1","Golden Goal","466908","2026","Watch for reviews","6.06","5.18",,"7.48","6.65","6.54","low","109","1.25","Corné van Moorsel","","0","new","","False","38","2-2","15 min",""
"1","Dobro","357991","2022","Probably skip","6.06","5.39","6.85","6.84","6.37","6.53","medium","465","1.04","Fel Barros / Lucas Castanho / Pedro Vinicius","Fel Barros","0.1","new","","False","5","2-6","15-20 min",""
"1","Medico","472021","2026","Watch for reviews","6.05","5.51","6.02","7.08","6.73","6.97","low","18","2.75","Stefan Feld","Stefan Feld","-1.3","new","","False","242","2-4","60-90 min",""
"1","Silver Mine","1120","1992","Watch for reviews","6.05","5.3",,"6.8","6.93","6.56","low","100","1.38","Alex Randolph","","0","new","","False","15","2-6","30-45 min","Hall 6 6D405"
"1","Le Chocolat","466907","2026","Watch for reviews","6.03","5.28",,"6.84","6.73","6.53","low","117","1","ましう (Mashiu)","","0","new","","False","68","2-2","10 min","Allplay Booth 8-D200"
"1","New York, New York","856","1989","Watch for reviews","6.03","5.19","6.82","7.09","7.24","6.54","low","140","1.25","Wolfgang Kramer","Wolfgang Kramer","0.09","new","","False","16","2-4","30 min","Hall 6 6D405"
"1","Can of Worms","417472","2024","Watch for reviews","6.03","5.45",,"6.23","6.46","6.53","low","13","1","Mary Jo Reutter","","0","new","","False","7","2-6","10-20 min",""
"1","Die Fiesen 7","186302","2015","Probably skip","6.02","5.44","6.74","6.47","6.53","6.53","high","1021","1.04","Jacques Zeimet","Jacques Zeimet","0.06","new","","False","10","2-6","15-25 min","6B200"
"1","Romeo and Juliet IF Story","445397","2023","Watch for reviews","6","5.27",,"6.81","6.26","6.53","insufficient","4","1","Kamoto","","0","new","","False","20","3-6","10-20 min","6-D405"
"1","Cucumber Catastrophe","457961","2026","Watch for reviews","5.99","5.49",,"5.85","6.35","6.53","low","40","1","Michael Feldkötter","","0","new","","False","19","3-6","20 min","3P500"
"1","Dragon Overload","467495","2026","Watch for reviews","5.99","5.2",,"6.86","6.63","6.53","low","147","1","Jay Bendixen","","0","new","","False","7","2-2","15 min","Lookout Games, 3-V300"
"1","The Bird","475467","2026","Watch for reviews","5.98","5.22","7.07","6.52","6.48","6.53","low","12","1","Adam Rehberg","Adam Rehberg","0.09","new","","False","19","2-8","15-25 min",""
"1","Little Bird, Big Hunger","209578","2016","Watch for reviews","5.97","5.14",,"7.01","6.48","6.53","low","124","1","Tim Rogasch","","0","new","","False","4","2-4","10-15 min",""
"1","Via Gladiola","448387","2026","Watch for reviews","5.95","5.16",,"6.79","6.55","6.53","low","77","1","Jeroen Geenen / Michiel de Wit","","0","new","","False","32","2-5","10-15 min","2C115"
"1","5Pairs","456453","2026","Watch for reviews","5.86","4.94",,"7","6.26","6.53","low","75","1","Danijel Pošta","","0","new","","False","72","2-4","20-30 min","3-C300"
"1","Mask of the Elder Gods","475409","2026","Watch for reviews","5.84","4.86",,"6.85","7.05","6.53","insufficient","6","1","Nathan Basham / Adam Fuller","","0","new","","False","8","4-8","30-45 min","3T300"
"1","Ketch Up","2843","1998","Probably skip","5.83","4.92",,"6.83","6.37","6.53","medium","449","1.09","Leo Colovini / Dario De Toffoli","","0","new","","False","5","2-5","15 min","6H125 - franjos spieleverlag"
"1","Gouda! Gouda! Cat Attack","3352","2002","Watch for reviews","5.68","4.63",,"6.8","6.35","6.54","low","233","1.18","Fréderic Moyersoen","","0","new","","False","14","2-6","30-45 min","Hall 6 6D405"
"1","All You Can Eat Buffet","460769","2026","Watch for reviews","5.57","4.42","6.8","6.88","6.37","6.53","low","19","1","Bruno Faidutti / Théo Rivière","Bruno Faidutti","0.06","new","","False","21","3-6","20-40 min",""
"0","ASHES: Blackout Protocol","455933","2026","Watch for reviews",,,,"7.38","7.46",,"insufficient","16","0","Jorge J. Barroso / Jesús Fuentes / Eduardo Pavón","","0","new","","False","574","1-4","60-120 min","3U115 - PERRO LOKO GAMES"
"0","Chronocritters","466862","2026","Watch for reviews",,,,"7.28","7.12",,"insufficient","7","0","Tristan Geeraert","","0","new","","False","409","1-4","80-150 min","4A210"
"0","Shugendo","458150","2026","Watch for reviews",,,"6.65","6.69","6.81",,"insufficient","2","0","Alessandro Cuneo / Simone Luciani","","0","new","","False","394","2-4","50-60 min","3D600"
"0","Matchmakers","474696","2026","Watch for reviews",,,,"6.58","6.74",,"insufficient","16","0","Baudet Sylvain","","0","new","","False","271","2-4","15-30 min","4F510"
"0","1953 Everest","473012","2026","Watch for reviews",,,,"7.14","6.89",,"insufficient","2","0","Xavier Violeau","","0","new","","False","259","1-4","45-60 min",""
"0","Yotei","456860","2025","Watch for reviews",,,,"7.25","7.24",,"insufficient","104","0","Huy Pham","","0","new","","False","237","2-4","30-60 min","3M300"
"0","Ancient Empires","453804","2026","Watch for reviews",,,"7.11","7.06","7.64",,"insufficient","15","0","Milan Tasevski","","0","new","","False","226","1-4","60-120 min",""
"0","Carpet Racers","474289","2026","Watch for reviews",,,"7.33","7.14","6.82",,"insufficient","0","0","Tomáš Holek","","0","new","","False","225","3-5","25-45 min",""
"0","Chivalry","472579","2026","Watch for reviews",,,"7.84","7.26","6.9",,"insufficient","8","0","Dávid Turczi","","0","new","","False","224","1-4","45-120 min","3-C115"
"0","Camboya","469384","2027","Watch for reviews",,,,,"7.16",,"insufficient","7","0","Jorge Tabanera Redondo","","0","new","","False","215","2-4","45 min","3-U130"
"0","Pasteles","462440","2026","Watch for reviews",,,"7.16","7.2","7.2",,"insufficient","7","0","Scott Almes","","0","new","","False","212","1-1","30 min","3A400"
"0","Oil Rock","470814","0","Watch for reviews",,,,"7.43","7.66",,"insufficient","18","0","Marco Piola Caselli","","0","new","","False","211","2-4","90 min",""
"0","Caribe","475390","2026","Watch for reviews",,,,"7.36","7.03",,"insufficient","4","0","Orlando Sá","","0","new","","False","207","1-4","50-100 min",""
"0","Buried Memories","473933","2026","Watch for reviews",,,,"6.68","7.4",,"insufficient","2","0","Kristian Amundsen Østby / Aleksander Østby","","0","new","","False","203","1-6","20-30 min",""
"0","Mykerinos: Special Edition","473010","2026","Watch for reviews",,,,"7.33","7.38",,"insufficient","6","0","Nicolas Oury","","0","new","","False","169","2-4","45 min",""
"0","Wireless","474481","2026","Watch for reviews",,,,"6.93","7.5",,"insufficient","1","0","Marco Canetta / Stefania Niccolini","","0","new","","False","167","1-4","30-120 min","3G515"
"0","The Great Harbor","398776","2026","Watch for reviews",,,,"7.31","7.18",,"insufficient","8","0","Matteo De Nardis","","0","new","","False","158","1-4","45-120 min",""
"0","Cubaneo","472208","2026","Watch for reviews",,,"6.8","7.27","7.66",,"insufficient","9","0","Michael Rieneck / Stefan Stadler","","0","new","","False","145","2-5","75-120 min",""
"0","Cardia: Tide & Storm","470745","2026","Watch for reviews",,,,"6.79","6.48",,"insufficient","0","0","Faouzi Boughida / Mathieu Rivero","","0","new","","False","143","2-2","10 min",""
"0","Dino Museum","459452","2026","Watch for reviews",,,"7.29","6.83","6.66",,"insufficient","13","0","Eric M. Lang / Ben Rosset","","0","new","","False","137","2-4","30-50 min","4.J300"
"0","Midnight Mail","459446","2026","Watch for reviews",,,,"7.03","6.65",,"insufficient","5","0","Cristian Bustos","","0","new","","False","137","1-4","40-60 min","4.J300"
"0","Song of the Wildkin","463848","2027","Watch for reviews",,,,"7.06","6.92",,"insufficient","2","0","Hermes Pique","","0","new","","False","132","1-4","60 min",""
"0","Fadenfroh","475685","2026","Watch for reviews",,,"6.73","7.03","6.54",,"insufficient","8","0","Jordy Adan / Alexander Pfister","","0","new","","False","126","1-4","30 min","Hall 7 Booth 7B111"
"0","Delfos","475388","2026","Watch for reviews",,,,"7.09","7.11",,"insufficient","6","0","Yaniv Kahana","","0","new","","False","124","1-5","20-40 min",""
"0","Bailén 1808: La primera derrota de Napoleón","472491","2026","Watch for reviews",,,,"7.41","7.38",,"insufficient","3","0","Carlos Diaz Narvaez","","0","new","","False","117","2-2","90 min","3N300"
"0","Green Gold","475369","2026","Watch for reviews",,,,"7.06","7.66",,"insufficient","2","0","Toni López","","0","new","","False","116","1-4","40-80 min","3F115"
"0","Courtroom: The Noir Trilogy","477069","2026","Watch for reviews",,,,"7.03","6.67",,"insufficient","6","0","Robin Hegedűs / Tünde Máté","","0","new","","False","111","2-6","90 min",""
"0","Blood Hunt","472458","2026","Watch for reviews",,,,"7.13","7.14",,"insufficient","6","0","Maxime Rambourg / Théo Rivière","","0","new","","False","109","2-4","30 min",""
"0","Karak: Labyrinth","444883","2026","Watch for reviews",,,,"6.93","6.87",,"insufficient","13","0","Petr Vojtěch","","0","new","","False","103","1-4","10-20 min","4-D400"
"0","Omelette Express","463221","2026","Watch for reviews",,,,"7.01","6.51",,"insufficient","9","0","Agustín Atencio Andrioli","","0","new","","False","103","2-5","15-25 min","4.J300"
"0","Dorfromantik: South Seas","474300","2026","Watch for reviews",,,"6.74","7.37","6.92",,"insufficient","1","0","Michael Palm / Lukas Zach","","0","new","","False","98","1-6","30-90 min",""
"0","Nakasendo","472460","2026","Watch for reviews",,,,"6.96","7.09",,"insufficient","1","0","Jorge Tabanera Redondo","","0","new","","False","95","2-4","30-45 min","2-D511"
"0","Word Buffet","459462","2026","Watch for reviews",,,"6.65","7.2","6.54",,"insufficient","8","0","Simone Luciani / Andrea Mainini","","0","new","","False","93","2-4","20-30 min","4.J300"
"0","Trick Stakes","420932","2024","Watch for reviews",,,,"6.3","6.37",,"insufficient","33","0","Susumu Kawasaki / 場咲工(Basaki Takumi)","","0","new","","False","93","3-4","30 min","4F510"
"0","Endangered Rescue #3: Tasmanian Devil","453114","2026","Watch for reviews",,,,"6.65","6.69",,"insufficient","6","0","Anna Ellett / Ace Ellett","","0","new","","False","92","1-4","45-60 min","3E400"
"0","The Happiest Cat in the World","463717","2026","Watch for reviews",,,,"7.14","6.88",,"insufficient","19","0","Olivier Cipière / Oussama Khelifati","","0","new","","False","90","2-4","30 min","7B111"
"0","La Cosecha","463374","2026","Watch for reviews",,,"6.54","7.37","6.95",,"insufficient","2","0","Isra C. / Michael Keller (II) / Andreas Odendahl / Shei S.","","0","new","","False","88","1-4","25-75 min",""
"0","Treeline","458570","2026","Watch for reviews",,,,"7.35","6.88",,"insufficient","16","0","Christopher Ryan Chan","","0","new","","False","88","2-4","30-40 min","3-D400"
"0","Revenge of the Seven Dwarfs","474229","2026","Watch for reviews",,,,"7.23","6.97",,"insufficient","6","0","Eduardo García Colón / Fernanda Poblete","","0","new","","False","87","1-1","60 min","3F115"
"0","Arribada","465889","2026","Watch for reviews",,,,"6.98","6.62",,"insufficient","18","0","Robert Hovakimyan","","0","new","","False","86","2-4","30-45 min",""
"0","Loony Clues","456432","2026","Watch for reviews",,,,"6.68","6.3",,"insufficient","0","0","Michal Peichl","","0","new","","False","85","3-6","25 min",""
"0","Fireflies","472706","2026","Watch for reviews",,,,"7.12","6.95",,"insufficient","1","0","Johannes Goupy / Joachim Thôme","","0","new","","False","83","2-2","30-75 min",""
"0","Apocalypse","470482","2026","Watch for reviews",,,,"5.85","6.37",,"insufficient","7","0","Yoriyasu Harano","","0","new","","False","82","3-6","30 min",""
"0","Onsen","464928","2026","Watch for reviews",,,,"6.83",,,"insufficient","10","0","Wei Chang / Phar Lo","","0","new","","False","81","2-4","30 min","5-H400"
"0","Holiday Hijinks #16: The Pride Pursuit","469875","2026","Watch for reviews",,,,"6.65","6.58",,"insufficient","8","0","Danielle Reynolds","","0","new","","False","80","1-4","45-60 min","3E400"
"0","Eternamente Temporário","472319","2026","Watch for reviews",,,,"6.99","6.94",,"insufficient","3","0","Arthur Lacerda","","0","new","","False","80","4-6","40-75 min","4-F510 (Golden Meeple)"
"0","Spaghettin","466714","2026","Watch for reviews",,,,"6.84","6.82",,"insufficient","33","0","Franco Sardo","","0","new","","False","79","2-6","2-5 min","3F400"
"0","Jure Grando: The First Vampire","432841","2026","Watch for reviews",,,,"7.23","7.08",,"insufficient","6","0","Damir Debanic","","0","new","","False","78","1-4","45-60 min","3C411"
"0","Holiday Hijinks #13: The Friday Fright","465899","2025","Watch for reviews",,,,"6.65","6.83",,"insufficient","4","0","Jonathan Chaffer","","0","new","","False","76","1-4","60 min","3E400"
"0","Tug of Roar","436909","2026","Watch for reviews",,,,"6.95","6.48",,"insufficient","46","0","Filippo Landini","","0","new","","False","75","2-2","20-45 min","3-R400"
"0","Holiday Hijinks #14: The Dreidel Dilemma","455629","2026","Watch for reviews",,,,"6.65","6.58",,"insufficient","7","0","Jasmine Hweh / Kirsten Lunde","","0","new","","False","75","1-4","45-60 min","3E400"
"0","Holiday Hijinks #15: The Mutiny Mystery","469874","2026","Watch for reviews",,,,"6.65","6.63",,"insufficient","1","0","Jonathan Chaffer","","0","new","","False","75","1-4","45-75 min","3E400"
"0","Star Trek: Space Hunt","470574","2026","Watch for reviews",,,,"6.82","7.02",,"insufficient","28","0","Roberto Fraga / Yohan Lemonnier / Delphine Lemonnier","","0","new","","False","74","2-4","25-40 min","3-F120"
"0","Holiday Hijinks #12: The Krampus Caper","428298","2025","Watch for reviews",,,,"6.65","6.58",,"insufficient","18","0","Jonathan Chaffer","","0","new","","False","74","1-4","60 min","3E400"
"0","The Purple House","477625","2026","Watch for reviews",,,"6.8","6.72","7.1",,"insufficient","0","0","Daryl Chow / Nicanor ""Nico"" Valdez","","0","new","","False","74","1-5","20-30 min","Origame Booth"
"0","Fragments: Fungataï","465737","2026","Watch for reviews",,,,"6.98","6.95",,"insufficient","1","0","Yohan Servais","","0","new","","False","73","1-4","40-160 min","6F200"
"0","Shooter","469382","2026","Watch for reviews",,,,"6.93","7.02",,"insufficient","5","0","Pedro Berenguel Nieto","","0","new","","False","73","2-6","20 min","3-U130"
"0","Drops of Evil","475466","2026","Watch for reviews",,,"6.8","7.26","6.96",,"insufficient","0","0","Hjalmar Hach / Lorenzo Silva","","0","new","","False","73","2-4","60 min","6B115"
"0","Tricky Traps","467581","2026","Watch for reviews",,,,"6.49","6.32",,"insufficient","7","0","Ignasi Ferré","","0","new","","False","72","2-5","15-30 min","3-R400"
"0","Doppelganger Tricks","446116","2025","Watch for reviews",,,,"5.85","6.37",,"insufficient","16","0","ましう (Mashiu)","","0","new","","False","71","3-4","40 min","4-F510 (Golden Meeple)"
"0","Raindrops","462541","2026","Watch for reviews",,,,"6.91","6.65",,"insufficient","17","0","Fernando Cunha","","0","new","","False","71","2-4","45 min","3P500"
"0","Tramposo","468155","2026","Watch for reviews",,,,,"6.28",,"insufficient","5","0","Eugeni Castaño / Guillem Coll","","0","new","","False","70","2-6","15-20 min","4G110"
"0","Gnomeville","455727","2026","Watch for reviews",,,,"6.82","6.92",,"insufficient","7","0","Björn Lindberg","","0","new","","False","69","1-4","45-60 min",""
"0","Don Quixote","460671","2026","Watch for reviews",,,,"5.85","6.86",,"insufficient","22","0","Yeon-Min Jung","","0","new","","False","68","3-5","20-30 min",""
"0","KumoKumo Park","474694","2026","Watch for reviews",,,"7.12","7.1","6.72",,"insufficient","2","0","Reiner Knizia","","0","new","","False","68","2-4","20-40 min",""
"0","Toshi: die blühende Stadt","464355","2026","Watch for reviews",,,,"6.94","7.24",,"insufficient","1","0","Friedemann Friese","","0","new","","False","65","1-4","40 min","6A200"
"0","Restore","470721","2026","Watch for reviews",,,,"7.3","7.11",,"insufficient","3","0","Yohan Goh / Hope S. Hwang / Gary Kim","","0","new","","False","62","2-2","20-40 min",""
"0","Bank or Bust","473652","2026","Watch for reviews",,,,"6.52","6.37",,"insufficient","0","0","Caezar Al-Jassar / Liam Collins","","0","new","","False","62","2-6","15-20 min","3F400"
"0","Loyalty: Rome","473561","2026","Watch for reviews",,,,"7.24","7.07",,"insufficient","1","0","Nicholas Paschalis","","0","new","","False","62","2-4","50-70 min","3-C115"
"0","Crossing Heroes","470811","2026","Watch for reviews",,,"7.33","6.81","6.72",,"insufficient","10","0","Johannes Goupy / Matthieu Verdier","","0","new","","False","59","2-5","30 min",""
"0","Very Big Monster","473052","2026","Watch for reviews",,,"7.33","6.94","6.37",,"insufficient","2","0","Dimitri Perrier","","0","new","","False","59","2-6","25 min","4D515"
"0","Observatory","361603","2026","Watch for reviews",,,,"6.96","7.06",,"insufficient","9","0","Chris A. Williams","","0","new","","False","58","1-5","30-45 min",""
"0","ATRAH","472801","2026","Watch for reviews",,,,"7.27","6.35",,"insufficient","31","0","Jérémy Ducret / Johannes Goupy","","0","new","","False","57","2-4","15 min",""
"0","Seashells","453737","2026","Watch for reviews",,,"6.8","7.18","6.57",,"insufficient","120","0","Bruno Faidutti","","0","new","","False","56","2-5","15-20 min","3-D400"
"0","Bonbon","473252","2026","Watch for reviews",,,,"6.92","6.37",,"insufficient","1","0","Eugeni Castaño / Eloi Pujadas","","0","new","","False","56","2-5","20 min","6-B400"
"0","Watson & Holmes: The Lost Diaries","346142","2026","Watch for reviews",,,,"7.18","7",,"insufficient","7","0","Jesús Torres Castro","","0","new","","False","55","1-7","45-90 min","3F115"
"0","Batman: Gotham City Crimes","470753","2026","Watch for reviews",,,,"6.95","7.06",,"insufficient","2","0","Michael Menzel","","0","new","","False","55","2-4","60 min",""
"0","Bharat: Kings of Legend","455186","2026","Watch for reviews",,,,"7.24","7.55",,"insufficient","2","0","Róbert Kóródi / Lívia Nemeth","","0","new","","False","54","2-5","90-120 min",""
"0","Dice Arcana","475623","2026","Watch for reviews",,,,"7.25","6.56",,"insufficient","3","0","Denis Phoenix","","0","new","","False","54","1-1","15 min","3F115"
"0","What the Sketch?","466716","2026","Watch for reviews",,,,,"6.14",,"insufficient","10","0","Ellie Dix","","0","new","","False","54","3-6","15-30 min","3F400"
"0","Rooms & Roomies","473557","2026","Watch for reviews",,,,"7.07","6.73",,"insufficient","6","0","Juri Alexander","","0","new","","False","53","1-5","30-75 min",""
"0","Familiar Feat","475342","2026","Watch for reviews",,,,"7.06","6.8",,"insufficient","0","0","Friedemann Friese","","0","new","","False","53","1-1","20-30 min",""
"0","Flixo","475228","2026","Watch for reviews",,,,"6.82","6.32",,"insufficient","2","0","Friedemann Friese","","0","new","","False","53","2-5","20-30 min","3G215"
"0","Mercenaries Wanted","475344","2026","Watch for reviews",,,,"7.05","6.48",,"insufficient","2","0","Dennis Vögele","","0","new","","False","52","1-6","30-60 min",""
"0","DuvidaÊ!","462264","2026","Watch for reviews",,,,"6.91","6.64",,"insufficient","4","0","Vicente (Vince) Martin / Mauricio Torselli","","0","new","","False","52","3-6","30-40 min","4-F510 (Golden Meeple)"
"0","The Last Relic of R’lyeh","472702","2026","Watch for reviews",,,,"6.89","7.04",,"insufficient","2","0","Pau Carles","","0","new","","False","52","2-2","45-75 min","3-T100"
"0","Robo Run","471437","2026","Watch for reviews",,,,"7.13","7.51",,"insufficient","7","0","Eryk Nowak","","0","new","","False","51","2-2","20-30 min","3J120"
"0","Kingsport Travel Guide","475393","2026","Watch for reviews",,,,"6.86","6.95",,"insufficient","1","0","Dan Lièvre","","0","new","","False","51","1-4","30-40 min","3-P200"
"0","Mindbug: Dinopunk Fire","470136","2027","Watch for reviews",,,"6.84","6.73","6.62",,"insufficient","3","0","Skaff Elias / Richard Garfield / Marvin Hegen / Christian Kudahl","","0","new","","False","50","2-2","15-25 min",""
"0","Mindbug: Dinopunk Ice","470135","2027","Watch for reviews",,,"6.84","6.73","6.62",,"insufficient","2","0","Skaff Elias / Richard Garfield / Marvin Hegen / Christian Kudahl","","0","new","","False","50","2-2","15-25 min",""
"0","Sobakistan: Land of Dogs","473726","2026","Watch for reviews",,,,"6.91","6.7",,"insufficient","7","0","Sergey Shapovalov","","0","new","","False","50","3-6","30-60 min","6.H110"
"0","Sylvans: Duel of the Mistwings","475078","2026","Watch for reviews",,,,,"6.73",,"insufficient","3","0","APEX Ideenschmiede","","0","new","","False","49","2-2","15-30 min","5-D125"
"0","Of Mice and Mazes","473722","2025","Watch for reviews",,,,"7.2","6.93",,"insufficient","6","0","Simon Beal","","0","new","","False","49","2-3","50-70 min","6.H110"
"0","The Beat: Rockstars of the Galaxy","474855","2026","Watch for reviews",,,,"6.89","7.11",,"insufficient","6","0","Morten Blaabjerg / Christian Kudahl","","0","new","","False","49","2-4","10-20 min",""
"0","Zodiac Duel: International Edition","474050","2026","Watch for reviews",,,,"6.84","6.62",,"insufficient","3","0","David Heras Pino","","0","new","","False","48","2-2","15 min","4.D120"
"0","Accidental Heroes","474322","2028","Watch for reviews",,,,"7.24","6.79",,"insufficient","0","0","Wojciech Grajkowski","","0","new","","False","47","1-4","60-90 min",""
"0","Solstis Collector","476170","2026","Watch for reviews",,,"6.73","7.26","7.09",,"insufficient","1","0","Bruno Cathala / Corentin Lebrat","","0","new","","False","47","2-2","15 min",""
"0","LOOP","475385","2026","Watch for reviews",,,,"6.92","6.37",,"insufficient","2","0","Takashi Saito","","0","new","","False","47","4-6","30 min","6F200"
"0","Jibber Jabble","466909","2026","Watch for reviews",,,,"6.95","6.44",,"insufficient","178","0","Cassie Sikes","","0","new","","False","46","3-10","15 min",""
"0","Prestige","444252","2026","Watch for reviews",,,,"7.55","7.16",,"insufficient","17","0","Stefan Kretschmann","","0","new","","False","46","2-4","90-180 min","3-C300"
"0","Clueless Club","474102","2026","Watch for reviews",,,,"7.06","6.66",,"insufficient","1","0","Reader on Jupiter","","0","new","","False","45","3-6","unknown",""
"0","Photosaphari","468154","2026","Watch for reviews",,,,,"6.28",,"insufficient","5","0","Perepau Llistosella","","0","new","","False","45","2-5","15-20 min","4G110"
"0","Monsters of Egypt","475923","2026","Watch for reviews",,,,"7.15","7.2",,"insufficient","5","0","Evgeny Kolodin","","0","new","","False","45","1-6","30-45 min","6.H110"
"0","Tag Team: Arthur's Legacy","460556","2026","Watch for reviews",,,"6.79","6.88","6.62",,"insufficient","61","0","Gricha German / Corentin Lebrat / Florian Sirieix / Benoit Turpin","","0","new","","False","45","2-2","15-20 min","Booth 6K300"
"0","BurgerDraft","475443","2026","Watch for reviews",,,"6.27","6.81","6.37","6.72","insufficient","0","2","David Rimbach","","0","new","","False","44","2-6","10-15 min","3-H300"
"0","Ryugu the Fleeting Paradise","474845","2027","Watch for reviews",,,,"7.27","6.66",,"insufficient","1","0","Akashi / 無界 (Mukai)","","0","new","","False","43","2-4","60-140 min","5-K400"
"0","Foréa","471068","2026","Watch for reviews",,,,"7.15","6.64",,"insufficient","2","0","Gaelle Dumont","","0","new","","False","43","2-6","15-30 min",""
"0","1st CEO","465734","2026","Watch for reviews",,,,"7.35","7.02",,"insufficient","4","0","Zong-Ger(蔥哥)","","0","new","","False","41","2-6","20-60 min","5-H400"
"0","King of Tokyo: Duel – Tokyo Bay","465735","2026","Watch for reviews",,,"6.84","7.08","7.04",,"insufficient","2","0","Richard Garfield","","0","new","","False","41","2-2","20 min","6F200"
"0","Red Panda Surprise","465315","2026","Watch for reviews",,,,"7.15","6.51",,"insufficient","21","0","Dylan Coyle","","0","new","","False","41","1-7","5-20 min",""
"0","Flamme Rouge: Champion Edition","478824","2026","Watch for reviews",,,"6.71","6.99","6.79",,"insufficient","1","0","Asger Aleksandrov Granerud","","0","new","","False","40","1-12","30-45 min","2-C520"
"0","Just Chillin","470719","2026","Watch for reviews",,,,"6.78","6.37",,"insufficient","4","0","Juan Agustín Maiolino / Ariel Mora","","0","new","","False","40","1-6","20-30 min",""
"0","Check Mates","472464","2026","Watch for reviews",,,,"6.77","6.66",,"insufficient","4","0","Anton Putsikin","","0","new","","False","40","1-6","20 min","6.H110"
"0","Metal Slug: The Boardgame","475819","2028","Watch for reviews",,,,"7.03","7.02",,"insufficient","1","0","Joel Torres","","0","new","","False","39","1-4","60-80 min","4-E225"
"0","The Runaway Robot","477626","2026","Watch for reviews",,,"6.8","6.78","6.96",,"insufficient","0","0","Daryl Chow","","0","new","","False","39","2-5","15-25 min","Origame Booth"
"0","Knock Twice","474333","2026","Watch for reviews",,,,"6.4","6.14",,"insufficient","1","0","Paolo Bianchi (II)","","0","new","","False","39","3-8","20 min",""
"0","Surfin' Cats","473248","2026","Watch for reviews",,,,"6.78","6.56",,"insufficient","1","0","Aitor Perea Cobo / Iván Cuadra García","","0","new","","False","39","2-5","20-30 min","6-B400"
"0","Karnivorous","413255","2026","Watch for reviews",,,,"7.07","7.51",,"insufficient","0","0","Inka Brand / Markus Brand","","0","new","","False","39","1-4","45 min","2D411"
"0","Tag Team: SNK Arcade Legends","475489","2027","Watch for reviews",,,,"6.88","6.68",,"insufficient","13","0","Gricha German / Christian Kudahl / Corentin Lebrat","","0","new","","False","38","2-2","15-20 min","Booth 6K300"
"0","The Jailbreak","475769","2026","Watch for reviews",,,,"6.71","6.69",,"insufficient","1","0","Joel Kennedy / Karl Lange","","0","new","","False","38","2-4","20 min",""
"0","Impro Quest","473940","2026","Watch for reviews",,,,"6.95","6.7",,"insufficient","4","0","Thomas Baumann / Benjamin Schultz","","0","new","","False","38","2-5","20-60 min",""
"0","Cyberpunk: Edgerunners – Hunted","460036","2026","Watch for reviews",,,,"7.27","7.09",,"insufficient","14","0","APEX Ideenschmiede","","0","new","","False","38","1-4","20-30 min",""
"0","Underwood","473560","2026","Watch for reviews",,,,"7.39","6.57",,"insufficient","1","0","Remo Conzadori / Andrea Mainini","","0","new","","False","38","2-4","20 min","3-C115"
"0","The Amazing Journey","471086","2026","Watch for reviews",,,"6.8","7.17","7.02",,"insufficient","2","0","Hjalmar Hach / Lorenzo Silva","","0","new","","False","38","2-4","45-60 min","6B115"
"0","S-tier","475941","2026","Watch for reviews",,,,"6.77","6.08",,"insufficient","2","0","Damir Khusnatdinov","","0","new","","False","37","2-16","10-15 min","6.H110"
"0","Star Gazers","421484","2026","Watch for reviews",,,"7.04","6.84","6.57",,"insufficient","7","0","J.B. Howell / Don Riddle","","0","new","","False","37","2-4","20-40 min",""
"0","Spooky Bar","468949","2026","Watch for reviews",,,"6.68","7.37","6.95",,"insufficient","4","0","Benjamin Schwer","","0","new","","False","36","2-4","15-20 min",""
"0","Valley of Sky Lanterns","473111","2026","Watch for reviews",,,,"7.15","6.57",,"insufficient","6","0","Icerain Lin","","0","new","","False","36","1-4","60-90 min","4J325"
"0","Uncharted Passage: Remastered","474603","2026","Watch for reviews",,,,"7.28","6.91",,"insufficient","0","0","Bonghwan Ju","","0","new","","False","35","1-2","30-40 min","Hall 6 6D405 (Playte)"
"0","Seoul Journey","460636","2026","Watch for reviews",,,,"7.06","6.69",,"insufficient","9","0","Jean Curci","","0","new","","False","34","2-5","30-45 min","2B620"
"0","P.I. (Second Edition)","463574","2026","Watch for reviews",,,"6.71","6.4","6.65",,"insufficient","18","0","Martin Wallace","","0","new","","False","34","2-5","45-60 min","4E425"
"0","Melodies","475188","2026","Watch for reviews",,,,"6.82","6.37",,"insufficient","9","0","Thomas Dagenais-Lespérance","","0","new","","False","34","2-5","30 min","7C111"
"0","Manila","447483","2026","Watch for reviews",,,"6.02","7.3","7.3",,"insufficient","6","0","Stefan Feld","","0","new","","False","34","2-4","90-120 min",""
"0","Crispy Critters","447683","2026","Watch for reviews",,,,"6.72","6.54","6.53","insufficient","0","1","Matt Ding","","0","new","","False","34","2-4","15-25 min",""
"0","Jungle","470874","2026","Watch for reviews",,,"6.8","7.06","6.62",,"insufficient","8","0","Daryl Chow / Khanat Sadomwattana","","0","new","","False","33","2-2","10-15 min","4J325"
"0","Right Now","475499","2026","Watch for reviews",,,,"6.78","6.37",,"insufficient","3","0","Johannes Krenner / Markus Slawitscheck","","0","new","","False","31","2-5","15-30 min",""
"0","CoverUp: Drakkard","475347","2026","Watch for reviews",,,,,"6.37",,"insufficient","3","0","Rob Sparks","","0","new","","False","31","1-2","20 min","3Q315"
"0","Aeris","477918","2027","Watch for reviews",,,"6.71","6.93","6.79",,"insufficient","1","0","Martin Wallace","","0","new","","False","31","2-5","40-120 min","4-G600"
"0","Wolfmoon","470634","2026","Watch for reviews",,,"6.74","6.71","6.54",,"insufficient","11","0","Michael Palm / Lukas Zach","","0","new","","False","31","3-6","10-40 min","3M120"
"0","Food Truck Fury","472256","2026","Watch for reviews",,,,"6.56","6.64",,"insufficient","1","0","Ryan Jorjorian","","0","new","","False","31","1-4","60-90 min",""
"0","CAGONES","477824","2026","Watch for reviews",,,,"6.56","6.34",,"insufficient","6","0","José Carlos Carmona Baena / Antonio Rodriguez Vega","","0","new","","False","31","2-6","15-20 min","3G120"
"0","Yumegari: Dream Shop","471529","2027","Watch for reviews",,,,"6.89","6.59",,"insufficient","4","0","André Santos","","0","new","","False","31","1-5","30-45 min",""
"0","Skyrift: Edge of Darkness","465213","2026","Watch for reviews",,,"6.84","6.9","6.62",,"insufficient","10","0","Richard Garfield","","0","new","","False","31","2-2","40 min",""
"0","Traveluencer","468593","2026","Watch for reviews",,,,"5.85","6.37",,"insufficient","18","0","Ryo Nakamura (中村 良) / Zhonghao Yang / Kai Zu","","0","new","","False","31","2-4","30 min","2D610"
"0","Skyrift: Tides of Fate","465214","2026","Watch for reviews",,,"6.84","6.9","6.62",,"insufficient","10","0","Richard Garfield","","0","new","","False","30","2-2","40 min",""
"0","Spacedogs","471241","2027","Watch for reviews",,,,"7.23","6.97",,"insufficient","6","0","Nova Steinmetz","","0","new","","False","30","2-5","120-180 min","4H300"
"0","Bubble and Shadow","468596","2026","Watch for reviews",,,,"7.12","7.04",,"insufficient","7","0","Kai Zu","","0","new","","False","30","2-5","30 min","2D610"
"0","Kleine Clans","473942","2026","Watch for reviews",,,,"6.86","6.37",,"insufficient","2","0","Benjamin Schultz","","0","new","","False","30","1-4","60-150 min",""
"0","Let's Dance","475376","2026","Watch for reviews",,,,"6.71","6.37",,"insufficient","0","0","Abel Molero","","0","new","","False","29","2-6","15-20 min","3D600"
"0","Onitama: Big Box","474496","2026","Watch for reviews",,,,"7.06","6.57",,"insufficient","4","0","Shimpei Sato","","0","new","","False","29","2-2","15-20 min",""
"0","Button","457858","2025","Watch for reviews",,,,"5.85","6.37",,"insufficient","8","0","Valou Leuba","","0","new","","False","29","2-4","30-40 min","4F510"
"0","Terrorscape 2","444058","2026","Watch for reviews",,,,"6.85","7.43",,"insufficient","37","0","Jeffrey CCH","","0","new","","False","29","2-5","30-45 min","3K315"
"0","Break The Word","471044","2026","Watch for reviews",,,,"6.45","6.73",,"insufficient","0","0","Wilfried Fort / Marie Fort","","0","new","","False","29","2-6","15 min","6F200"
"0","Orkney: die schottischen Inseln","464812","2026","Watch for reviews",,,,"7.39","7.71",,"insufficient","0","0","Mark Sienholz","","0","new","","False","29","2-5","60 min","6A200"
"0","Propuh II: The Bevanda of Judgement","474509","2027","Watch for reviews",,,,"6.5","6.2",,"insufficient","0","0","Damir Debanic","","0","new","","False","29","2-4","10-15 min","3C411"
"0","Combo Creatures: The Quick Ones","472572","2026","Watch for reviews",,,,"6.8","6.52",,"insufficient","18","0","Michael Løhde Andersen / Christian Kudahl","","0","new","","False","29","2-4","20 min","3P500"
"0","A Life","467638","2027","Watch for reviews",,,,"7.06",,,"insufficient","13","0","Stefan Freund","","0","new","","False","28","2-4","45-90 min","3-C300"
"0","Agent Black","467989","2026","Watch for reviews",,,,"6.69","6.43",,"insufficient","14","0","Olin Jeong","","0","new","","False","27","2-6","20-30 min","5-A300"
"0","Breakthru","477674","2026","Watch for reviews",,,,"5.85","6.02",,"insufficient","1","0","Geonil","","0","new","","False","27","2-2","15-25 min",""
"0","Kluster Trio","469805","2026","Watch for reviews",,,,"7.07","6.51",,"insufficient","25","0","Robert Henning / Paula Henning","","0","new","","False","26","1-8","10 min",""
"0","Beijing","447484","2026","Watch for reviews",,,"6.02","7.15","7.21",,"insufficient","5","0","Stefan Feld","","0","new","","False","26","2-5","75-120 min",""
"0","BigWig","469381","2026","Watch for reviews",,,,"6.52","6.68",,"insufficient","16","0","Mario Mittermüller / Dominik Artefex","","0","new","","False","26","2-6","20 min",""
"0","MicroMacro: Kids – Wild Wild Weekend","476284","2026","Watch for reviews",,,,"7.05","6.47",,"insufficient","0","0","Johannes Sich","","0","new","","False","26","1-4","15-45 min",""
"0","Combo Creatures: The Witty Ones","472805","2026","Watch for reviews",,,,"6.8","6.52",,"insufficient","10","0","Michael Løhde Andersen / Christian Kudahl","","0","new","","False","26","2-4","20 min","3P500"
"0","Aeon Trespass: Twelve Sins of Herakles – Summer","389906","2026","Watch for reviews",,,,"7.4","7.34",,"insufficient","12","0","Marcin Wełnicki","","0","new","","False","26","1-4","unknown","4-E200"
"0","Syzygy","463997","2025","Watch for reviews",,,,"6.95","6.37",,"insufficient","14","0","Asuka (あすか) / イケ (IKE)","","0","new","","False","26","3-6","15 min","4J325"
"0","Defenders of the Dictionary","388641","2027","Watch for reviews",,,"7.07","6.98","6.93",,"insufficient","22","0","Adam Rehberg / Martin Řehořík","","0","new","","False","26","1-4","30-45 min",""
"0","CoverUp: Volcarna","475348","2026","Watch for reviews",,,,,"6.48",,"insufficient","3","0","Rob Sparks","","0","new","","False","26","2-2","20 min","3Q315"
"0","Thron der Lügen","464262","2026","Watch for reviews",,,"6.74","6.87","6.48",,"insufficient","0","0","Michael Palm / Lukas Zach","","0","new","","False","25","3-6","30 min","6A200"
"0","熊之島 (Isle of Bears)","477354","2026","Watch for reviews",,,,"6.9","6.81",,"insufficient","10","0","Daisy Yi-Ching Chen","","0","new","","False","25","2-2","10-15 min","4J325"
"0","Look Inside","478552","2027","Watch for reviews",,,,"6.89","6.93",,"insufficient","0","0","Aleksandra Marchewicz / Christoph Marchewicz","","0","new","","False","25","2-6","45-90 min",""
"0","Mazing","438173","2026","Watch for reviews",,,,"7.17","6.57",,"insufficient","9","0","Jim Deacove","","0","new","","False","25","1-2","5-30 min","2D411"
"0","Dorfromantik: Kopf an Kopf","474301","2026","Watch for reviews",,,"6.74","7.28","6.84",,"insufficient","1","0","Michael Palm / Lukas Zach","","0","new","","False","25","2-2","15-30 min",""
"0","Skalvenia","402705","2026","Watch for reviews",,,,"7.05","7.24",,"insufficient","6","0","Arkadiusz Dudek","","0","new","","False","24","2-4","90-120 min","H2D510"
"0","Katana Spirits","453807","2026","Watch for reviews",,,,"7.04","6.82",,"insufficient","16","0","Geoffrey Chia","","0","new","","False","24","2-5","30-45 min",""
"0","Strange Slot Simulator","468535","2026","Watch for reviews",,,,"6.84","6.64",,"insufficient","38","0","パーティ太郎 (Party Taro)","","0","new","","False","24","1-5","10-20 min","3F120 (PTS/Matagot Booth)"
"0","Spy Team","478341","2026","Watch for reviews",,,,"6.48","6.62",,"insufficient","0","0","無界 (Mukai)","","0","new","","False","24","4-4","30 min","5M310"
"0","Dragon's Roll","475160","2026","Watch for reviews",,,,"6.89","6.66",,"insufficient","7","0","Mads L. Brynnum","","0","new","","False","24","2-4","20-30 min",""
"0","Ährensache","470498","2026","Watch for reviews",,,,"6.89","7.47",,"insufficient","0","0","Arve D. Fühler","","0","new","","False","23","3-5","60 min","3-C300"
"0","Spirits of Valenor","476849","2026","Watch for reviews",,,"6.7","7.02","6.41",,"insufficient","1","0","Johannes Krenner / Alexander Pfister","","0","new","","False","23","2-4","30-40 min",""
"0","No Shelf Control","464353","2026","Watch for reviews",,,,"6.52","6.37",,"insufficient","0","0","Katrin Abfalter / Sophia Wagner","","0","new","","False","23","2-5","20 min","6A200"
"0","Rocking Raft","466723","2026","Watch for reviews",,,,"6.67","6.74",,"insufficient","38","0","Carlo Emanuele Lanzavecchia","","0","new","","False","23","2-4","15 min","6B115"
"0","Maybe. Not. Perfect!","475378","2026","Watch for reviews",,,,"6.68","6.48",,"insufficient","1","0","Friedemann Friese","","0","new","","False","23","2-6","15-20 min",""
"0","Jurassic Zoo","477460","2026","Watch for reviews",,,"6.89","6.65","6.66","6.72","insufficient","0","2","Matthew Dunstan / Phil Walker-Harding","","0","new","","False","22","1-6","20 min",""
"0","Terraces of Kanoa","471784","2026","Watch for reviews",,,,"7.13","7.04",,"insufficient","3","0","David Carmona / Karen Nguyen","","0","new","","False","22","1-4","25-40 min",""
"0","Palace Quest","471895","2026","Watch for reviews",,,"6.82","7.02","7.03",,"insufficient","2","0","Dirk Henn / Emanuele Ornella","","0","new","","False","22","1-6","60 min",""
"0","BIOlink: Gut vernetzt ist halb gefressen.","474661","2026","Watch for reviews",,,,"6.83","6.69",,"insufficient","0","0","Daniel Hitzing / Erik Robert","","0","new","","False","22","1-4","15-25 min",""
"0","TFTC","468859","2026","Watch for reviews",,,,,"6.37",,"insufficient","0","0","Aigar Alaveer","","0","new","","False","22","2-4","30-45 min","3-B111"
"0","Escape from the Silken Web","468791","2026","Watch for reviews",,,,"7.18","7.32",,"insufficient","1","0","Roberto Alhambra / Hanshi Li","","0","new","","False","22","2-5","20-30 min",""
"0","This Side Up","477786","2027","Watch for reviews",,,,"7.1","6.99",,"insufficient","1","0","Quentin Quek","","0","new","","False","22","1-4","40-60 min","Hall 5 G400, Thailand Pavilion, PlayByDesign"
"0","Les yeux fermés","477992","2027","Watch for reviews",,,,"6.95","6.7",,"insufficient","2","0","Antonin Boccara / Julien Prothière","","0","new","","False","22","2-2","15 min","2A440"
"0","Gangs of Trash City","475363","2026","Watch for reviews",,,"7.24","7.21","6.59",,"insufficient","3","0","APEX Ideenschmiede / Felix Mertikat","","0","new","","False","22","2-2","30-45 min",""
"0","Snowy Tricks","477471","2026","Watch for reviews",,,,"5.85","6.66",,"insufficient","2","0","Adrie Drent / Esther Jacobsen / Alexander Kneepkens / Vicky Trouerbach","","0","new","","False","21","2-5","20 min",""
"0","Warp 99","465934","2026","Watch for reviews",,,,"6.8","6.37",,"insufficient","22","0","Reinhard Staupe","","0","new","","False","21","2-4","30 min",""
"0","Eggsposed","477517","2026","Watch for reviews",,,,"6.4","6.74",,"insufficient","0","0","Ali Mussell","","0","new","","False","21","3-8","20 min","6-C310"
"0","Boss Hunters","456463","2026","Watch for reviews",,,,"7.07","6.73",,"insufficient","5","0","Carlos Emperador Gamarra / Ignacio García","","0","new","","False","21","1-4","45-60 min","4-E225"
"0","Sunfield Farm","473590","2026","Watch for reviews",,,"6.61","7.09","7.26",,"insufficient","21","0","Yoann Levet / Céline Levet","","0","new","","False","21","2-4","30-45 min",""
"0","Zoorajidos","468156","2026","Watch for reviews",,,,"6.83","6.21",,"insufficient","2","0","Yuri Nieto","","0","new","","False","20","3-5","15-20 min","3-T100"
"0","NOAH: Not Officially Authorized Heroes","472331","2026","Watch for reviews",,,,"7.14","6.86",,"insufficient","1","0","Elam Agam","","0","new","","False","20","1-4","60-90 min","2-B525"
"0","Loop 40","477519","2026","Watch for reviews",,,,,"6.37",,"insufficient","0","0","6jizo","","0","new","","False","20","3-5","20 min","6-C310"
"0","Underhaven","463197","2026","Watch for reviews",,,,"7.22","7.28",,"insufficient","1","0","Svavar Björgvinsson","","0","new","","False","20","2-4","90-120 min",""
"0","Kinsokuchi (禁足地)","473862","2026","Watch for reviews",,,,"6.71","6.78",,"insufficient","0","0","SHI-TEN-NOU (知転悩)","","0","new","","False","20","2-6","30 min","4-E215"
"0","Krakel-Spektakel","470367","2026","Watch for reviews",,,,"6.95","6.14",,"insufficient","2","0","Die 7 Bazis","","0","new","","False","20","2-8","30 min",""
"0","Spotlight: Fantasy","472269","2026","Watch for reviews",,,"6.8","6.8","6.42",,"insufficient","1","0","Hjalmar Hach / Lorenzo Silva","","0","new","","False","19","1-5","15 min","6B115"
"0","Night Parade","469750","2026","Watch for reviews",,,,"6.52","6.37",,"insufficient","16","0","Ibuink","","0","new","","False","19","2-6","10-20 min",""
"0","Dutch Flower Auction","433614","2024","Watch for reviews",,,,"6.94","6.37",,"insufficient","44","0","Zong-Ger(蔥哥)","","0","new","","False","19","2-5","10-15 min","5H400"
"0","Cat years","468531","2026","Watch for reviews",,,,"7.26","6.48",,"insufficient","10","0","","","0","new","","False","19","1-4","20-30 min",""
"0","Bollywood Blockbuster","474458","2026","Watch for reviews",,,"6.84","7.08","7.02",,"insufficient","3","0","Dirk Henn","","0","new","","False","19","2-6","60 min",""
"0","Fenceology","446300","2025","Watch for reviews",,,,"6.88","6.57",,"insufficient","6","0","deratoriko","","0","new","","False","19","1-4","15-30 min","Hall 6 6D405"
"0","Tanglung","471664","2026","Watch for reviews",,,,"7.13","6.57",,"insufficient","6","0","Mark William","","0","new","","False","19","1-2","10-20 min","2D330"
"0","EXIT: Das Spiel – Der perfekte Einbruch (Jubiläums-Edition)","462524","2026","Watch for reviews",,,"6.72","6.67","6.69",,"insufficient","0","0","Inka Brand / Markus Brand / Emely Brand","","0","new","","False","19","1-4","45-90 min",""
"0","Genius Idea","441097","2025","Watch for reviews",,,,"6.61","6.51",,"insufficient","53","0","Zong-Ger(蔥哥)","","0","new","","False","19","2-6","10-30 min","5-H400"
"0","ESP: Experiment in Supersensory Perspicacity","457438","2026","Watch for reviews",,,,"6.13","6.37",,"insufficient","6","0","Cardner Babakitis","","0","new","","False","18","3-4","20-30 min","Golden Meeple (Hall 4 4F510)"
"0","Secret Night","478782","2026","Watch for reviews",,,,"6.99","6.27",,"insufficient","3","0","Rafael Prado","","0","new","","False","18","3-6","30-60 min","2-C500"
"0","Rotate","458862","2025","Watch for reviews",,,,"5.85","6.37",,"insufficient","8","0","Olin Jeong","","0","new","","False","18","3-5","20-30 min","5-A300"
"0","Bag of Bugs","474332","2026","Watch for reviews",,,,"6.83","6.54",,"insufficient","0","0","","","0","new","","False","18","3-5","15 min","6B115"
"0","Ascend the Shinra Tower: Final Fantasy VII","470042","2027","Watch for reviews",,,,"6.95","6.69",,"insufficient","0","0","Masakazu Takizawa (たきざわ まさかず)","","0","new","","False","18","1-5","15-30 min",""
"0","Pressed","466969","2026","Watch for reviews",,,,"6.77","6.37",,"insufficient","3","0","Tony Tran","","0","new","","False","18","2-5","20-40 min","2B620"
"0","Villa","473651","2026","Watch for reviews",,,,,"6.57",,"insufficient","0","0","","","0","new","","False","18","2-4","20 min","3P500"
"0","Super Auto Pets Card Battle: Magic Pack","472279","2026","Watch for reviews",,,,"6.67","6.63",,"insufficient","17","0","Nick Conley","","0","new","","False","18","2-2","30 min",""
"0","Z Horde","472461","2026","Watch for reviews",,,,"7.36","7.02",,"insufficient","1","0","Giampaolo Razzino","","0","new","","False","18","1-1","30-60 min","2-D511"
"0","Leaves","469490","2026","Watch for reviews",,,,"6.9","6.64",,"insufficient","20","0","Shi Chen","","0","new","","False","17","1-4","15-25 min","2E510"
"0","Grizzo","469489","2026","Watch for reviews",,,,"6.69","6.52",,"insufficient","4","0","Sebastian Ziege","","0","new","","False","17","2-5","20 min",""
"0","Carta Imperia: Rise of Rome","444257","2026","Watch for reviews",,,,"7.17","7.33",,"insufficient","10","0","Mike Ibeji","","0","new","","False","17","1-6","60-120 min","2E311"
"0","Honey Wall","467277","2026","Watch for reviews",,,,"6.71","6.69",,"insufficient","3","0","Maarten van der Meulen","","0","new","","False","17","2-4","15-30 min",""
"0","Crystalium","475300","2026","Watch for reviews",,,,"6.91","7.66",,"insufficient","1","0","Matthieu Chaudon / Matthieu Chaudon","","0","new","","False","17","1-5","30-45 min","3-R125"
"0","Mole Racing","475383","2026","Watch for reviews",,,,"6.9","6.52",,"insufficient","9","0","Tomas Falemo / Jenny Holf","","0","new","","False","17","2-6","20 min","6F115"
"0","Furruits","462610","2026","Watch for reviews",,,,"6.99","6.37",,"insufficient","4","0","Tobias Hall","","0","new","","False","17","1-6","30-45 min",""
"0","Kinoko Kombat","472462","2026","Watch for reviews",,,,"6.81","6.65",,"insufficient","4","0","Muneyuki Yokouchi (横内宗幸)","","0","new","","False","17","2-4","15 min","5.K415"
"0","Everybody Yeah","475358","2026","Watch for reviews",,,,"7.14","6.55",,"insufficient","0","0","Benjamin Schultz","","0","new","","False","16","1-4","60-90 min",""
"0","Living Stories: Pulse","476759","2026","Watch for reviews",,,,"6.73","6.37","6.72","insufficient","0","2","Asger Johansen","","0","new","","False","16","2-4","30-120 min",""
"0","Alto","454528","2026","Watch for reviews",,,,"7.39","6.57",,"insufficient","7","0","Joel Escalante / Rafael Escalante","","0","new","","False","16","2-2","15-20 min","8D300"
"0","Leaning Tower of Pizza","467943","2026","Watch for reviews",,,,,"6.82",,"insufficient","5","0","","","0","new","","False","16","2-4","5 min","Hall 6 6D405"
"0","Extremes Only","462439","2026","Watch for reviews",,,,,"6.08",,"insufficient","17","0","Kasper Lapp","","0","new","","False","16","3-8","30 min","5-A300"
"0","Kitchen Rally","475864","2026","Watch for reviews",,,"6.65","7.24","6.65",,"insufficient","0","0","Gabriele Bubola / Simone Luciani","","0","new","","False","16","2-6","25-30 min","4C120"
"0","Professor Boom","475391","2026","Watch for reviews",,,"7.12","6.78",,,"insufficient","0","0","Reiner Knizia","","0","new","","False","16","2-4","20-40 min",""
"0","Dicey Chess","475438","2026","Watch for reviews",,,,"7.17","6.65",,"insufficient","0","0","Ilya Yudovski","","0","new","","False","16","2-2","15 min",""
"0","Pensterdam for 2","478816","2026","Watch for reviews",,,,"6.92","6.98",,"insufficient","1","0","Junghee Choi","","0","new","","False","15","1-2","10 min",""
"0","Temple of Five","454601","2025","Watch for reviews",,,,"7.48","7.58",,"insufficient","6","0","Carlo A. Rossi","","0","new","","False","15","2-4","30-60 min",""
"0","Dice Valley","477516","2027","Watch for reviews",,,,,"6.69",,"insufficient","1","0","Filip Kościuszko","","0","new","","False","15","1-4","30 min",""
"0","Living Stories: The Void","476760","2026","Watch for reviews",,,,"6.87","7.15","7.06","insufficient","0","3","Asger Johansen","","0","new","","False","15","1-4","30 min",""
"0","Memory Island","371785","2022","Watch for reviews",,,,"6.23","6.81",,"insufficient","12","0","Gary Kim","","0","new","","False","15","2-4","5-10 min","4E425"
"0","Player 12","444315","2025","Watch for reviews",,,,"6.19","6.69",,"insufficient","18","0","Rafael Prado","","0","new","","False","15","2-4","15 min",""
"0","Shijin","465119","2026","Watch for reviews",,,,"6.95","6.92",,"insufficient","0","0","","","0","new","","False","15","2-4","20-45 min",""
"0","Gift Swap","470878","2026","Watch for reviews",,,,"6.53","6.4",,"insufficient","5","0","Poki Chen","","0","new","","False","15","3-5","10-15 min","4J325"
"0","Geometric Art","476755","2026","Watch for reviews",,,,"6.66","6.56",,"insufficient","0","0","Eros Lin","","0","new","","False","15","3-6","10-15 min","4J325"
"0","Frog Tower","477894","2026","Watch for reviews",,,,"6.68","6.52",,"insufficient","0","0","URiO","","0","new","","False","15","3-5","15-20 min","2D530"
"0","Isle Tiles","476304","2026","Watch for reviews",,,,"7.09","6.8",,"insufficient","0","0","Marco Teubner","","0","new","","False","15","2-4","30-45 min",""
"0","Nix Da!","475392","2026","Watch for reviews",,,,,"6.52",,"insufficient","0","0","Ralf zur Linde","","0","new","","False","15","3-8","15-30 min",""
"0","Dicecream","466776","2026","Watch for reviews",,,,"7.01","6.14",,"insufficient","16","0","Manfred Keller / Fabian Zimmermann","","0","new","","False","14","2-4","25 min","3-C300"
"0","Multi-Story Mansion","478821","2026","Watch for reviews",,,,"6.75","6.55",,"insufficient","0","0","Anuc Kim / Reader on Jupiter","","0","new","","False","14","2-4","20 min",""
"0","Medium: The Hand of Fate","436218","0","Watch for reviews",,,,"6.81","6.42",,"insufficient","0","0","Danielle Deley / Nathan Thornton","","0","new","","False","14","2-5","30-45 min","2E610"
"0","Grizzy & les Lemmings","450002","2025","Watch for reviews",,,,"7.17","6.39",,"insufficient","24","0","Christophe Lauras","","0","new","","False","14","1-4","20-25 min","6K301"
"0","Crime Files Adventskalender: Fallakte – Sherlocks Zeitungsarchiv","479087","2026","Watch for reviews",,,,"6.4","6.8",,"insufficient","0","0","Lukas Setzke / Verena Wiechens","","0","new","","False","14","1-4","360-480 min",""
"0","Mad Cat Sad Cat","471371","2026","Watch for reviews",,,,"6.67","6.59",,"insufficient","0","0","Andreas Preiss","","0","new","","False","13","2-5","25 min",""
"0","Mega Empires: The Far East – North","465996","2027","Watch for reviews",,,,"7.03","7.13",,"insufficient","5","0","Flo de Haan / Gerart de Haan","","0","new","","False","13","3-5","180-780 min",""
"0","Cover Up","476031","2026","Watch for reviews",,,,"6.93","6.66",,"insufficient","0","0","Dennis Burfey","","0","new","","False","13","3-5","30-60 min","2B300"
"0","Spit Bars","478674","2027","Watch for reviews",,,,"6.88","6.59",,"insufficient","0","0","Flaminia Brasini / Virginio Gigli","","0","new","","False","13","2-5","20-40 min",""
"0","Mission Zelle","471061","2026","Watch for reviews",,,,"6.83","7.4",,"insufficient","0","0","Daniel Hitzing / Erik Robert","","0","new","","False","13","2-4","20-35 min",""
"0","Dust in the Wind","473249","2028","Watch for reviews",,,,"7.24","6.91",,"insufficient","0","0","Srdjan Jovanovski","","0","new","","False","12","1-4","90-720 min",""
"0","Reactor Rescue","455878","2026","Watch for reviews",,,,"6.9","7.25",,"insufficient","4","0","Fiona Shehu Lohaj / Arta Shehu Zaimi","","0","new","","False","12","1-4","45-120 min",""
"0","Eldur","424446","2024","Watch for reviews",,,,"7.1","6.55",,"insufficient","14","0","Svavar Björgvinsson / Monika Brzková","","0","new","","False","12","2-4","30-90 min",""
"0","Pentoscow for 2","478819","2026","Watch for reviews",,,,"6.92","6.98",,"insufficient","0","0","Junghee Choi","","0","new","","False","12","1-2","10 min",""
"0","The Trial","476111","2025","Watch for reviews",,,,"7.09","6.71",,"insufficient","3","0","Abdulaziz Aljazzaf / Mohammad Sanasiri","","0","new","","False","12","5-10","20-40 min","5.J400"
"0","YENA: Succession War","478534","2027","Watch for reviews",,,,"7.21","7.3",,"insufficient","0","0","Ama. (あま。)","","0","new","","False","12","1-4","60-120 min",""
"0","Street Art","464256","2026","Watch for reviews",,,"7.12",,"6.37",,"insufficient","0","0","Reiner Knizia","","0","new","","False","12","2-6","15 min","6A200"
"0","Ice","478861","2026","Watch for reviews",,,,"7","6.43",,"insufficient","1","0","","","0","new","","False","12","2-2","5-15 min","4J325"
"0","Nenuphar Jazz","444310","2025","Watch for reviews",,,,"6.89","6.35",,"insufficient","12","0","Rafael Prado","","0","new","","False","12","2-4","15-20 min","2-C500"
"0","Dino Chaos","475464","2026","Watch for reviews",,,,"7","6.43",,"insufficient","0","0","Eddy Sterckx","","0","new","","False","11","3-5","15-20 min",""
"0","On Point","474492","2026","Watch for reviews",,,,"6.84","6.44",,"insufficient","1","0","Paolo Bianchi (II)","","0","new","","False","11","2-12","20-30 min","2-D511"
"0","Pálinka","463478","2026","Watch for reviews",,,,"6.77","7.12",,"insufficient","9","0","Hegedűs Csaba","","0","new","","False","11","2-4","60-90 min","2-B345"
"0","Dungeon Cube","386058","2026","Watch for reviews",,,,,"6.89",,"insufficient","9","0","Nicolò Chioato","","0","new","","False","11","1-6","10-20 min",""
"0","Pentorini for 2","478817","2026","Watch for reviews",,,,"6.92","6.98",,"insufficient","0","0","Junghee Choi","","0","new","","False","11","1-2","10 min","Hall 6 6D405"
"0","Quartermaster General: West Front","463097","2026","Watch for reviews",,,"6.88","7.08","7.12",,"insufficient","1","0","Ian Brody","","0","new","","False","11","2-2","90 min",""
"0","Dino Battle!","473658","2027","Watch for reviews",,,,"7.23","6.92",,"insufficient","5","0","Stephen Baker / Roger Ford / Anthony Howgego","","0","new","","False","11","2-4","60-120 min",""
"0","The Challenge of Barletta","453569","2026","Watch for reviews",,,,"7.26","7.16",,"insufficient","3","0","Michele Quondam","","0","new","","False","11","2-4","30-60 min",""
"0","Compress","448646","2025","Watch for reviews",,,"6.79","6.23","6.52",,"insufficient","48","0","Jun Sasaki / Goro Sasaki","","0","new","","False","11","2-4","15-30 min","6-C310"
"0","Dancing Birds","466245","2026","Watch for reviews",,,"6.84","7.02","6.59",,"insufficient","2","0","Dirk Henn","","0","new","","False","11","2-4","20-30 min",""
"0","River Rivals","467947","2026","Watch for reviews",,,,"6.91","6.64",,"insufficient","0","0","Mads Fløe / Christian Kudahl","","0","new","","False","11","2-2","20-30 min",""
"0","Gallery Gambit","468373","2026","Watch for reviews",,,,"6.75","6.37",,"insufficient","0","0","Simone Luijk / Robin Stokkel","","0","new","","False","11","2-5","10-20 min",""
"0","Lavandula","468794","2027","Watch for reviews",,,,"7.21","7.38",,"insufficient","0","0","Dylan D. Phillips","","0","new","","False","11","2-4","45 min",""
"0","The Quickening","475804","2027","Watch for reviews",,,,"7.14","6.92",,"insufficient","0","0","Riccardo Neri","","0","new","","False","10","2-2","5-15 min","3P111"
"0","Shapemash","475865","2026","Watch for reviews",,,,"6.73","6.4",,"insufficient","0","0","Patrik Chleboun / Jan Soukal","","0","new","","False","10","2-8","15-25 min","4C120"
"0","Smugglers","476105","2025","Watch for reviews",,,,"7.07","6.67",,"insufficient","1","0","Abdulaziz Aljazzaf / Mohammad Sanasiri","","0","new","","False","10","1-6","20-40 min","5.J400"
"0","Independence: Patriots vs. the Crown","477823","2026","Watch for reviews",,,"6.99","7.22","7.01",,"insufficient","0","0","Mariusz Rosik / Łukasz Włodarczyk","","0","new","","False","10","2-2","45-60 min",""
"0","Funny Crazy Animals","475920","2026","Watch for reviews",,,,"7.15","6.65",,"insufficient","0","0","Gerhard Hany","","0","new","","False","10","2-6","30 min","6B300"
"0","The Dream","414717","2025","Watch for reviews",,,,"7.2",,,"insufficient","10","0","Thomas Dagenais-Lespérance","","0","new","","False","10","2-4","15-20 min",""
"0","Chimerium","462396","2027","Watch for reviews",,,,"7.19","6.66",,"insufficient","2","0","Eric Dubus / Olivier Melison","","0","new","","False","10","1-4","45-60 min","2E610"
"0","Munchkin: Vox Machina – A Critical Role Game","454650","2026","Watch for reviews",,,,"6.9","6.58",,"insufficient","2","0","","","0","new","","False","10","3-6","60-120 min",""
"0","Roll'n Pix","475431","2026","Watch for reviews",,,,"6.71","6.69",,"insufficient","1","0","Stefano Negro","","0","new","","False","10","2-4","15 min",""
"0","La Meute","477351","2026","Watch for reviews",,,,"6.89","6.71",,"insufficient","0","0","Johan Benvenuto / Gricha German","","0","new","","False","10","4-8","25-40 min",""
"0","Pets on Mars","475365","2026","Watch for reviews",,,,"6.93","6.98",,"insufficient","0","0","Carlo A. Rossi","","0","new","","False","10","2-4","20 min",""
"0","Landis","444311","2025","Watch for reviews",,,,"6.94","7.82",,"insufficient","12","0","Rafael Prado","","0","new","","False","10","2-4","15-90 min","2-C500"
"0","Mega Empires: The Far East – South","466009","2027","Watch for reviews",,,,"7.09","7.1",,"insufficient","3","0","Flo de Haan / Gerart de Haan","","0","new","","False","10","3-5","180-780 min",""
"0","Kitala","475821","2026","Watch for reviews",,,,"6.76","6.56",,"insufficient","0","0","Ronald Villaver","","0","new","","False","9","2-7","5 min","3-F120 (PTS / Matagot booth)"
"0","MOOGH","361232","2024","Watch for reviews",,,,"7.36","6.78",,"insufficient","5","0","Niklas Hook","","0","new","","False","9","1-4","30-45 min","3K415"
"0","Spicy Pop","474490","2026","Watch for reviews",,,,"6.86","6.32",,"insufficient","1","0","Ren Takahashi","","0","new","","False","9","2-5","20-30 min","2-D511"
"0","Planet Pioneer Meteora","478164","2026","Watch for reviews",,,,"6.82","6.65",,"insufficient","0","0","荒尾 俊樹 (Toshiki Arao)","","0","new","","False","9","0-0","unknown",""
"0","Terres de Destinées","460674","2025","Watch for reviews",,,,"6.88","6.72",,"insufficient","7","0","Olivier Flament","","0","new","","False","9","2-6","30 min",""
"0","AEW Dice Knock Out: Set 04 – Kazuchika Okada vs Kenny Omega","476812","2026","Watch for reviews",,,,"7.19","6.65",,"insufficient","1","0","","","0","new","","False","9","2-8","15-30 min","3F120"
"0","Die Zwerge: Königswahl","477458","2026","Watch for reviews",,,"6.74",,"6.82",,"insufficient","0","0","Michael Palm / Lukas Zach","","0","new","","False","9","2-5","25 min",""
"0","Mischievous Monsters","478162","2026","Watch for reviews",,,,"7.01","6.35",,"insufficient","0","0","","","0","new","","False","8","2-6","15 min",""
"0","Burning Cookies","432359","2024","Watch for reviews",,,,"6.65","6.26",,"insufficient","15","0","Pablo Jiménez / Helena Lobo","","0","new","","False","8","3-6","15-20 min",""
"0","Munchkin Warhammer 40,000: Super Mega Set","477349","2026","Watch for reviews",,,,"6.97","6.99",,"insufficient","0","0","Andrew Hackard","","0","new","","False","8","3-6","60-90 min",""
"0","Dicendo","473555","2026","Watch for reviews",,,,"6.92","6.62",,"insufficient","0","0","Paolo Bianchi (II)","","0","new","","False","8","4-8","20 min","3P500"
"0","Heartbeats","472986","2026","Watch for reviews",,,,"7.11","6.14",,"insufficient","1","0","Julien Gupta","","0","new","","False","7","2-6","30 min",""
"0","Pactopolis","458758","2026","Watch for reviews",,,,"7.12","7.07",,"insufficient","2","0","Rajiv V. Basaiawmoit / PhD / MBA / Chavi C-Y Fletcher Chen / Taru Deva / PhD","","0","new","","False","7","3-4","180-240 min","4-F110"
"0","Top Drop","460431","2026","Watch for reviews",,,,"6.86","6.32",,"insufficient","14","0","Simona Greco / Marco Rava","","0","new","","False","7","2-4","15 min",""
"0","AEW Dice Knock Out: Set 01 – Hangman Adam Page vs Swerve Strickland","476809","2026","Watch for reviews",,,,"7.19","6.65",,"insufficient","1","0","","","0","new","","False","7","2-8","15-30 min","3F120"
"0","My Very First Games: Lenny's Tractor","475508","2026","Watch for reviews",,,,"6.85","6.97",,"insufficient","0","0","Antje Gleichmann","","0","new","","False","7","2-4","10 min",""
"0","Pietenpolonaise","457399","2025","Watch for reviews",,,,"6.72","6.4",,"insufficient","1","0","Dick Poelen / Michiel de Wit","","0","new","","False","7","2-5","10-15 min",""
"0","Panic Stations! The Pandora Celeste Card Game","461833","2026","Watch for reviews",,,,"7.19","7.17",,"insufficient","0","0","Mike Ibeji","","0","new","","False","7","1-4","30-60 min","2E311"
"0","AEW Dice Knock Out: Set 03 – Mercedes Mone vs ""Timeless"" Toni Storm","476811","2026","Watch for reviews",,,,,"6.65",,"insufficient","1","0","","","0","new","","False","7","2-8","15-30 min","3F120"
"0","Oracle: Predict Your Tricks!","475410","2026","Watch for reviews",,,,"6.52","6.55",,"insufficient","2","0","Marni Abramowitz","","0","new","","False","7","2-6","20-30 min","3T300"
"0","Orbit Master","386399","2026","Watch for reviews",,,,"6.61","7.01",,"insufficient","5","0","Jason Gamber","","0","new","","False","7","3-6","60-90 min","3-T125"
"0","Capybara Run & Fun","477089","2026","Watch for reviews",,,,"7.07","6.59",,"insufficient","0","0","","","0","new","","False","7","2-6","45-60 min",""
"0","Happy Rainbow","475441","2026","Watch for reviews",,,,"6.79","6.38",,"insufficient","0","0","Marisa Peña","","0","new","","False","7","2-4","10 min",""
"0","Panda Flip","460433","2026","Watch for reviews",,,,"6.69","6.52",,"insufficient","1","0","Michael Diechtierow / Carsten Rohlfs","","0","new","","False","7","2-5","15 min","8D300"
"0","Wer Wirr Was","466884","2026","Watch for reviews",,,,"6.59","6.54",,"insufficient","0","0","Michael Diechtierow","","0","new","","False","7","1-6","15-25 min",""
"0","Scotland Yard Duel","478880","2026","Watch for reviews",,,,,"6.73",,"insufficient","0","0","Matthias Prinz","","0","new","","False","7","2-2","10-30 min",""
"0","My Scouter","444314","2025","Watch for reviews",,,,"6.52","6.35",,"insufficient","11","0","Rafael Prado","","0","new","","False","7","2-5","15 min","2-C500"
"0","Spell","466775","2026","Watch for reviews",,,,"6.82","6.3",,"insufficient","15","0","Ralf zur Linde","","0","new","","False","7","2-6","20 min","3-C300"
"0","Deadly Dinner: Tödliches Klassentreffen","476847","2026","Watch for reviews",,,,"6.95","6.71",,"insufficient","0","0","Lukas Setzke / Verena Wiechens","","0","new","","False","6","7-11","180-240 min",""
"0","Fourth Wing: Das Spiel – Die Wahl der Drachen","472985","2026","Watch for reviews",,,,"7.19","7.04",,"insufficient","1","0","","","0","new","","False","6","2-4","45-60 min",""
"0","Festburg","477829","2026","Watch for reviews",,,,"6.77","6.48",,"insufficient","0","0","Yohan Goh / Hope S. Hwang / Gary Kim","","0","new","","False","6","3-6","20 min","6.H110"
"0","Pow Mau","472977","2026","Watch for reviews",,,,"6.71","6.33",,"insufficient","0","0","Thade Precht","","0","new","","False","6","2-5","20 min",""
"0","Salaryman Madness","472976","2026","Watch for reviews",,,,"6.78","6.39",,"insufficient","0","0","Thade Precht","","0","new","","False","6","2-4","20 min",""
"0","HÄÄÄ!?","476407","2026","Watch for reviews",,,,"6.68","6.44",,"insufficient","0","0","Ralf zur Linde","","0","new","","False","6","2-5","15-20 min",""
"0","タイパ至上主義花札 (Taipa Supremacy: Quick Hanafuda)","476905","2025","Watch for reviews",,,,"6.71","6.37",,"insufficient","0","0","","","0","new","","False","6","2-2","5-10 min",""
"0","AEW Dice Knock Out: Set 02 – MJF vs Darby Allin","476810","0","Watch for reviews",,,,"7.19","6.65",,"insufficient","1","0","","","0","new","","False","6","0-0","unknown","3F120"
"0","Pixie Time","475434","2026","Watch for reviews",,,,"7.22","6.59",,"insufficient","1","0","Luca Bellini / Luca Borsa / Carlo Emanuele Lanzavecchia / Walter Obert","","0","new","","False","6","2-6","15 min",""
"0","1943: Race to Rabaul","458575","2026","Watch for reviews",,,,"7.24","7.16",,"insufficient","2","0","Volko Ruhnke","","0","new","","False","6","2-4","120-240 min",""
"0","Game Snacks","475436","2026","Watch for reviews",,,,"6.6","6.28",,"insufficient","1","0","Heinz Meister","","0","new","","False","6","2-4","10 min",""
"0","Scales of Influence","467899","2026","Watch for reviews",,,,"7","6.51",,"insufficient","0","0","Angelica Belo","","0","new","","False","6","3-7","45-90 min","3-A110"
"0","BLOOOOOOM","478667","2026","Watch for reviews",,,,"7.16",,,"insufficient","0","0","Corné van Moorsel","","0","new","","False","6","2-4","15-20 min",""
"0","Peek-a-saurs","472434","2025","Watch for reviews",,,,"6.44","6.53",,"insufficient","0","0","Thilo Hutzler","","0","new","","False","6","2-5","10-15 min","6.H110"
"0","My Very First Games: Cloud Kitchen","475507","2026","Watch for reviews",,,,"6.72","6.68",,"insufficient","0","0","Markus Nikisch","","0","new","","False","6","1-4","10 min",""
"0","TURBO6","478334","2026","Watch for reviews",,,,"7.02","6.81",,"insufficient","1","0","Michael Løhde Andersen / Morten Baun Møller / Morten Skovhus","","0","new","","False","5","1-6","10-15 min","2E121"
"0","Out of Words: Music & Movies","477428","2026","Watch for reviews",,,"6.6","6.86","6.52",,"insufficient","1","0","Scott Brady / Michael Davis (I)","","0","new","","False","5","2-10","20-30 min",""
"0","Trüffeln Schnüffeln","3123","1989","Watch for reviews",,,,"6.58","6.66",,"insufficient","10","0","Rudi Hoffmann","","0","new","","False","5","2-4","15-30 min",""
"0","Bunny 100","413238","2024","Watch for reviews",,,,,"6.08",,"insufficient","11","0","","","0","new","","False","5","2-6","10-30 min","3P500"
"0","Little Red's Pizza Express","463664","2026","Watch for reviews",,,,"6.95","6.04",,"insufficient","2","0","Giorgio Galbusera","","0","new","","False","5","2-4","10-15 min",""
"0","Possums in a Trench Coat","475408","2026","Watch for reviews",,,,"7.28","6.53",,"insufficient","3","0","Christopher Ryan Chan","","0","new","","False","5","3-8","30-45 min","3T300"
"0","Arnie & Barney Drop or Stop?!","469766","2026","Watch for reviews",,,,"7.17","6.69",,"insufficient","0","0","Patrick Tonn","","0","new","","False","5","2-4","10 min",""
"0","MAD","458923","2026","Watch for reviews",,,,"7.29","6.8",,"insufficient","26","0","Thomas Dagenais-Lespérance","","0","new","","False","5","3-6","30-45 min","3-F120 (PTS / Matagot booth)"
"0","Yōkai Yen?!!","472980","2026","Watch for reviews",,,,"6.52","6.36",,"insufficient","0","0","Thade Precht","","0","new","","False","5","2-4","20 min",""
"0","Der Turm","478940","2026","Watch for reviews",,,,"6.52","6.52",,"insufficient","0","0","","","0","new","","False","5","2-5","15 min","Hall 8, C200"
"0","Der Regenbogenfisch: Glitzerbingo","475510","2026","Watch for reviews",,,,"6.83","6.78",,"insufficient","0","0","Kristin Dittmann","","0","new","","False","5","2-4","15 min",""
"0","Die Biene Maja: Honigbaum","470210","2026","Watch for reviews",,,,"6.96","6.62","6.53","insufficient","0","1","Tim Rogasch","","0","new","","False","5","1-4","10 min",""
"0","Arnie & Barney Hypno Vision","469765","2026","Watch for reviews",,,,"6.81","6.62",,"insufficient","0","0","Carlo Emanuele Lanzavecchia","","0","new","","False","4","2-5","15 min",""
"0","Eccentric Essences","474701","2026","Watch for reviews",,,,"6.83","6.27",,"insufficient","0","0","Yuri Lanovenchik","","0","new","","False","4","3-10","20 min","6.H110"
"0","Reflect: Mirror Mazes","365418","2021","Watch for reviews",,,,"6.51","6.73",,"insufficient","18","0","","","0","new","","False","4","1-2","15 min",""
"0","Pocket Pisa","478941","2026","Watch for reviews",,,,"6.52","6.57",,"insufficient","0","0","Christoph Cantzler / Anja Wrede","","0","new","","False","4","2-4","20 min","Hall 8, C200"
"0","Garden Apple Go","463816","2026","Watch for reviews",,,,"7.07","6.35",,"insufficient","0","0","Gediminas Akelaitis","","0","new","","False","4","1-4","5-10 min",""
"0","Die Biene Maja: Blumenwiese","470208","2026","Watch for reviews",,,,"7.01","6.62",,"insufficient","0","0","","","0","new","","False","4","1-4","5-10 min",""
"0","Monster Max","475437","2026","Watch for reviews",,,,"6.77","6.47",,"insufficient","0","0","Patrice le Quérré","","0","new","","False","4","2-4","15 min",""
"0","Die Biene Maja: Blüten Angeln","470209","2026","Watch for reviews",,,,"6.92","6.58",,"insufficient","0","0","Kristin Dittmann","","0","new","","False","4","1-4","10 min",""
"0","My Very First Games: Toolbox Time","475556","2026","Watch for reviews",,,,"7.01","6.7",,"insufficient","0","0","Kristin Dittmann","","0","new","","False","4","1-4","5-10 min",""
"0","KRZ GRTN","477465","2026","Watch for reviews",,,,"6.95","6.44",,"insufficient","0","0","Mads Fløe","","0","new","","False","4","3-6","30 min",""
"0","Versteckt? Entdeckt!","472160","2026","Watch for reviews",,,,"6.23","6.41",,"insufficient","0","0","Sophia Wagner","","0","new","","False","4","2-4","10-20 min",""
"0","Min3crash","454609","2026","Watch for reviews",,,,"6.89","6.7",,"insufficient","4","0","Sporty Andy / Valle Pacheco / Roberto Prieto","","0","new","","False","4","2-6","30-45 min","3C120"
"0","Petits crimes entre amis: Sherlock Holmes","459968","2025","Watch for reviews",,,,"6.95","6.86",,"insufficient","1","0","Virginie Pelletier","","0","new","","False","4","4-6","45-60 min",""
"0","My Very First Games: Dino Kitchen","475509","2026","Watch for reviews",,,,"6.72","6.71",,"insufficient","0","0","Markus Nikisch","","0","new","","False","4","1-4","10 min",""
"0","Sweepers","475943","2026","Watch for reviews",,,,"6.82","6.59","6.53","insufficient","0","1","Oleg Meleshin","","0","new","","False","3","2-4","5-10 min","6.H110"
"0","Cryptid Smash","468400","2026","Watch for reviews",,,,"6.89","6.79",,"insufficient","2","0","David Pecorini Cancellario D' Alena / Sara Parsi di Landrone / Vangelis Matthaiopoulos / Stefanos Pagonidis","","0","new","","False","3","2-10","20 min","2C310"
"0","Nein! Doch! Ohh!","478939","2026","Watch for reviews",,,,"6.23","6.71",,"insufficient","0","0","Christoph Cantzler","","0","new","","False","3","2-5","20 min","Hall 8, C200"
"0","Petits crimes entre amis: True Crime","460216","2025","Watch for reviews",,,,"6.95","6.66",,"insufficient","0","0","Valérie Cluzel","","0","new","","False","3","4-6","45-60 min",""
"0","Slime Rancher Tarr Takeoverr","474288","2026","Watch for reviews",,,,"6.8","6.68",,"insufficient","0","0","Jeff Grisenthwaite","","0","new","","False","3","2-8","2 min","3F120"
"0","Das 1% Quiz – Wie clever bist du?","479352","2026","Watch for reviews",,,,,"7.03",,"insufficient","0","0","Jens Merkl","","0","new","","False","3","1-4","30 min",""
"0","Funkel Munkel","478938","2026","Watch for reviews",,,,"6.83","6.28",,"insufficient","1","0","Cielo d'Oro","","0","new","","False","2","2-4","20 min","Hall 8, C200"
"0","Mein Knopf, ein Universum: Das Spiel","477913","2026","Watch for reviews",,,,"6.99","6.71",,"insufficient","0","0","Kristin Dittmann","","0","new","","False","2","2-4","10-15 min",""
"0","Padventure: Paddy Discovers the Forest","479458","2026","Watch for reviews",,,,"6.83","6.33",,"insufficient","3","0","Günter Burkhardt","","0","new","","False","2","2-4","10-20 min","Ludolux Booth 2D541"
"0","Sweet Shade","469480","2025","Watch for reviews",,,,"7.03","6.78",,"insufficient","0","0","Dmitrijus Babičius","","0","new","","False","2","2-6","10 min",""
"0","Holey Moley","453545","2025","Watch for reviews",,,,"6.23","6.44",,"insufficient","4","0","Mihail Rozanov / Yuri Zhuravljov","","0","new","","False","2","2-50","15-20 min","2E440"
"0","Capy Cabana","479444","2026","Watch for reviews",,,,"6.95","6.59",,"insufficient","1","0","Marco Teubner","","0","new","","False","1","1-5","15 min",""
"0","Wer ist Deutschlands Superhirn? Das offizielle Quizspiel zur Show","479346","2026","Watch for reviews",,,,,"7.03",,"insufficient","0","0","","","0","new","","False","1","1-4","20 min",""
"0","Minecraft Digging Down","479445","2026","Watch for reviews",,,,,"6.78",,"insufficient","1","0","Jens Merkl","","0","new","","False","0","2-4","30 min",""
"0","Das klappt schon!","477767","2026","Watch for reviews",,,,"6.89","6.57",,"insufficient","0","0","Martin Schlegel","","0","new","","False","0","2-6","30-60 min","1-F900"
"0","Nucleum: Gibraltar","455953","2026","Expansion","8.54","9.58","7.84","7.24","7.5","7.24","low","97","4.67","Dávid Turczi","Dávid Turczi","0.41","new","","True","16","1-4","90-120 min","2E440"
"0","Star Trek: Captain's Chair – Second Contact","448088","2026","Expansion","8.44","9.52","7.63","7.08","7.18","7.27","low","135","3.86","Nigel Buckle / Dávid Turczi / Adam Turczi","Nigel Buckle / Dávid Turczi","0.28","new","","True","60","1-2","60-120 min",""
"0","Voidfall: Resurgence","455819","2026","Expansion","8.38","9.31","7.63","7.27","7.58","7.26","low","27","4.11","Nigel Buckle / Marcel Dragomir / Dávid Turczi","Nigel Buckle / Dávid Turczi","0.28","new","","True","260","1-4","90-240 min","3G115"
"0","Europa Universalis: Defying Destiny","414273","2026","Expansion","8.18","9.23",,"7.33","7.22","7.24","low","45","4.67","Eivind Vetlesen","","0","new","","True","31","1-6","90-300 min","3-Q200"
"0","Trismegistus","440942","2026","Already covered","8.13","8.72","8.19","7.15","6.66","7.27","medium","322","3.96","Federico Pierlorenzi / Daniele Tascini","Daniele Tascini","1.11","owned","281442","False","33","1-4","90-150 min","2E440"
"0","Inferno: Virgil, Charon & Lucifer","475726","2026","Expansion","7.93","8.77",,"7.37","7.19","7.06","insufficient","8","3","Fernando Eduardo Sánchez","","0","new","","True","243","1-4","30-120 min","3-C311"
"0","World Order: World in Turmoil","432708","2026","Expansion","7.87","8.41","7.49","7.07","7.41","7.27","low","117","3.75","Vangelis Bagiartakis / Dimitris Siakampenis / Varnavas Timotheou","Vangelis Bagiartakis / Varnavas Timotheou","0.36","new","","True","94","2-4","120-180 min",""
"0","Earthborne Rangers: Legacy of the Ancestors","354291","2025","Expansion","7.86","8.67",,"7.07","7.14","7.22","low","169","3.5","Luke Eddy / Andrew Fischer / Brooks Flugaur-Leavitt / Andrew Navaro / Davi Paulino / Adam Sadler / Brady Sadler","","0","new","","True","49","1-4","unknown",""
"0","Zona: Scavenger's Wish","431176","2026","Expansion","7.85","8.67",,"7.1","7.27","7.06","low","15","3","Maciej Drewing / Krzysztof Głośnicki","","0","new","","True","10","1-4","120-180 min","2E440"
"0","Revenant","428099","2026","Already covered","7.82","8.5",,"7.25","7.51","7.26","medium","658","4.16","Allan Kirkeby","","0","owned","428099","False","257","1-4","90-120 min","3G115"
"0","World Order","403150","2026","Already covered","7.82","8.25","7.49","7.29","7.49","7.27","high","1878","3.79","Vangelis Bagiartakis / Varnavas Timotheou","Vangelis Bagiartakis / Varnavas Timotheou","0.36","owned","403150","False","176","2-4","120-180 min",""
"0","Earthborne Rangers: Stewards of the Valley","400328","2025","Expansion","7.78","8.55",,"6.99","7.14","7.13","low","191","3.2","Davi Paulino","","0","new","","True","39","1-4","unknown",""
"0","Ayar: Children of the Sun","429438","2025","Already covered","7.73","8.11","7.55","7.16","7.56","7.15","high","1059","3.26","Mandela Fernandez-Grandon / Fabio Lopiano","Mandela Fernandez-Grandon / Fabio Lopiano","0.65","owned","429438","False","25","1-4","60-90 min","2E440"
"0","Compile: Aux 3","469091","2026","Expansion","7.63","8.3",,"7.05","6.77","7.06","insufficient","7","3","Michael Yang","","0","new","","True","80","2-2","30-45 min","2E610"
"0","Nippon: Zaibatsu","434367","2026","Already covered","7.62","8.07",,"7.3","7.66","7.25","high","3150","3.6","Nuno Bizarro Sentieiro / Paulo Soledade","","0","played-not-owned","434367","False","283","1-4","60-120 min","3P200"
"0","Inferno 1348","453055","2026","Expansion","7.61","8.12",,"7.38","7.18","7.06","low","42","3","Fernando Eduardo Sánchez","","0","new","","True","314","1-4","30-120 min","3-C311"
"0","World Order: Diplomacy & Dominance","463353","2026","Expansion","7.6","7.91","7.49","7.37","7.41","6.88","low","143","2.5","Vangelis Bagiartakis / Dimitris Siakampenis / Varnavas Timotheou","Vangelis Bagiartakis / Varnavas Timotheou","0.36","new","","True","98","1-4","120-180 min",""
"0","Too Many Bones: Lab Rats","283862","2020","Expansion","7.58","8.16",,"6.87","6.96","7.27","medium","418","3.8","Adam Carlson / Josh J. Carlson","","0","new","","True","19","1-4","60-120 min",""
"0","Earthborne Rangers: Moments on the Path","412737","2025","Expansion","7.56","8.08",,"7.14","7.29","7.06","low","166","3","Davi Paulino","","0","new","","True","34","1-4","unknown",""
"0","Railways of the Lost Atlas: Landmarks of the Lost Atlas","438903","2026","Expansion","7.55","8.03",,"7.12","7.08","7.26","low","42","4","Kevin Delger / Jacob Schacht","","0","new","","True","39","1-7","60-300 min","2A620"
"0","Viticulture: Bordeaux Expansion","462369","2026","Expansion","7.54","7.84","7.09","7.58","7.17","7.17","medium","594","3.33","Jamey Stegmaier","Jamey Stegmaier","-0.11","new","","True","47","1-6","90-120 min","3Q300"
"0","Distilled: Cocktails","431123","2026","Expansion","7.48","7.9",,"7.1","7.12","7.27","low","102","3.75","Dave Beck / Richard Woods","","0","new","","True","73","1-5","45-150 min",""
"0","Excursions","468800","2027","Already covered","7.47","7.81","6.99","7.25","7.62","7.06","low","34","3","Ben Rosset","Ben Rosset","-0.07","owned","391137 / 468800","False","358","1-6","60-90 min","4-D320"
"0","Trismegistus: Roll & Write","447137","2026","Already covered","7.47","7.48","8.19","6.95","6.72","7.06","low","61","3","Federico Pierlorenzi / Daniele Tascini","Daniele Tascini","1.11","owned","281442","False","12","1-4","unknown","2E440"
"0","Legendary Encounters: The Matrix","373105","2023","Already covered","7.44","7.92","6.91","6.98","6.95","7","medium","527","2.86","Ben Cichoski / Daniel Mandel","Ben Cichoski / Daniel Mandel","-0.2","owned","146652 / 200171","False","44","1-5","30-60 min","3F610"
"0","Sniper Elite: Escalation","444238","2026","Expansion","7.4","7.72","7.12","7.08","7.05","7.06","low","20","3","Roger Tankersley / David Thompson (I)","David Thompson (I)","0.21","new","","True","17","1-4","40-70 min",""
"0","Pandora Celeste: Pirates & Salvage","454332","2026","Expansion","7.39","7.76",,"7.12","7.15","7.06","insufficient","4","3","Mike Ibeji","","0","new","","True","8","1-9","45-120 min","2E311"
"0","Slay the Spire: The Board Game – Downfall","454971","2027","Expansion","7.37","7.76",,"7.08","6.86","7.06","low","33","3","","","0","new","","True","276","1-4","unknown",""
"0","Legendary: A DC Deck Building Game","458319","2026","Already covered","7.37","7.83",,"7.05","6.58","6.89","low","130","2.55","Devin Low","","0","owned","146652 / 200171","False","35","1-4","30-60 min","3F610"
"0","Tenpenny Parks: Innovation Expansion","450787","2026","Expansion","7.36","7.63",,"7.34","7.21","7.06","low","33","3","Nate Linhart","","0","new","","True","24","1-5","45-75 min","4-G500"
"0","Inis: Nemed","418217","2026","Expansion","7.27","7.4","7.17","7.14","6.95","7.19","low","105","3.4","Christian Martinez","Christian Martinez","0.29","new","","True","18","2-5","60-90 min","2E440"
"0","Sniper Elite: Operation Kraken","444239","2026","Expansion","7.27","7.45","7.12","7.08","7.05","7.06","low","34","3","Roger Tankersley / David Thompson (I)","David Thompson (I)","0.21","new","","True","16","1-4","40-70 min",""
"0","The Crew: Journey to the Ends of the Earth","462192","2026","Already covered","7.26","7.65","6.99","6.75","6.94","6.79","medium","300","2.2","Thomas Sing","Thomas Sing","-0","owned","284083 / 324856","False","55","2-5","20 min",""
"0","Stonesaga: Nature of the Beast","402018","2026","Expansion","7.26","7.54",,,"7.17","7.06","low","24","3","Max Brooke / Luke Eddy","","0","new","","True","42","0-0","unknown","2C130"
"0","Nature: Climate","453175","2026","Expansion","7.24","7.63",,"6.78","6.77","6.88","low","31","2.5","Dominic Crapuchettes","","0","new","","True","20","1-4","60 min",""
"0","Lost Ruins of Arnak: Surprise Shipment","475207","2026","Expansion","7.23","7.47","6.95","7.01","7.31","6.93","low","86","2.67","Elwen / Mín","Elwen / Mín","-0.08","new","","True","579","1-4","30-120 min",""
"0","Star Empires","178044","2016","Already covered","7.21","7.32","7.11","7.28","7.5","6.74","medium","738","2.06","Milan Tasevski","Milan Tasevski","0.38","owned","178044","False","90","2-4","10-30 min",""
"0","Ra: Traders","426753","2025","Expansion","7.18","7.4","7.12",,"7.17","6.67","medium","363","1.88","Reiner Knizia","Reiner Knizia","0.55","new","","True","24","2-5","30-60 min","3U100"
"0","Radlands: Cult of Chrome","422233","2024","Expansion","7.17","7.52","6.78","6.92","6.99","6.72","medium","556","2","Daniel Piechnick","Daniel Piechnick","-0.34","new","","True","16","2-2","20-40 min","2E440"
"0","A War of Whispers: Expansion of Influence","443181","2025","Expansion","7.17","7.39",,"7.04","6.97","6.93","low","102","2.67","Jeremy Stoltzfus","","0","new","","True","12","2-5","60-90 min","2E440"
"0","Tenpenny Parks: Winter Lights & Spooky Nights Expansion","443087","2026","Expansion","7.15","7.24",,"7.22","7.21","7.06","low","20","3","Nate Linhart","","0","new","","True","32","1-4","45-75 min","4-G500"
"0","Onward: Twisted","463470","2026","Expansion","7.15","7.33",,"7.36","6.89","6.72","insufficient","2","2","Giacomo Neri","","0","new","","True","9","1-2","45-90 min","3-P111"
"0","Stonesaga: Meals & Myths","402017","2026","Expansion","7.14","7.35",,,"7.17","6.88","low","27","2.5","Max Brooke / Luke Eddy","","0","new","","True","48","1-5","unknown","2C130"
"0","Wingspan: Americas Expansion","461932","2026","Expansion","7.11","7.32","6.77","6.95","7.17","6.92","high","1082","2.65","Elizabeth Hargrave","Elizabeth Hargrave","-0.28","new","","True","46","1-5","75-90 min","3Q300"
"0","Finspan: Sharks & Reefs","468426","2026","Expansion","7.11","7.3",,,"7.17","6.86","medium","325","2.43","Michael O'Connell (II)","","0","new","","True","31","1-5","45-60 min","3Q300"
"0","Legendary: Game of Thrones Deck Building Game","440775","2025","Already covered","7.08","7.27",,"6.81","6.85","7","low","130","2.86","Rob Heinsoo","","0","owned","146652 / 200171","False","35","2-4","30-60 min","3F610"
"0","Harmonies: Pulse","466234","2026","Expansion","7.07","7.24",,"7.04","6.83","6.76","medium","319","2.11","Johan Benvenuto","","0","new","","True","250","1-4","30-45 min","7C111"
"0","Akropolis: Pantheon","461828","2026","Expansion","7.05","7.18",,"6.95","7.17","6.83","low","105","2.33","Jules Messaud","","0","new","","True","22","1-4","25 min","6K300"
"0","Nature: Amazon Rainforest","450328","2026","Expansion","6.95","7",,,"7.17","6.8","low","68","2.25","Dominic Crapuchettes","","0","new","","True","22","1-4","60 min",""
"0","Bohemians: Tales From Montmartre","460579","2026","Expansion","6.94","6.9",,,"7.17","7.06","low","10","3","Jasper de Lange","","0","new","","True","31","1-4","45-60 min","3J120"
"0","Nature: Arctic Tundra","450327","2025","Expansion","6.94","6.97",,,"7.17","6.8","low","62","2.25","Dominic Crapuchettes","","0","new","","True","18","1-4","60 min",""
"0","Splendor Duel: The Counterfeiters","462460","2026","Expansion","6.93","7.06","6.73","6.81","7.03","6.8","low","249","2.25","Marc André / Bruno Cathala","Bruno Cathala","-0.09","new","","True","67","2-2","30 min",""
"0","Aquatica: Cold Waters","300872","2020","Expansion","6.93","7.07","6.79","6.78","6.62","6.89","high","1244","2.56","Ivan Tuzovsky","Ivan Tuzovsky","-0.11","new","","True","34","1-5","30-60 min",""
"0","Harmonies: Crescendo","472690","2026","Expansion","6.89","6.85",,,"7.17","6.88","low","14","2.5","Johan Benvenuto / Mathieu Rivero","","0","new","","True","420","1-4","unknown","7C111"
"0","Marvel Dice Throne: Deadpool","403511","2025","Expansion","6.89","6.92","6.78","7.22","6.71","6.72","medium","424","2","Gavan Brown / Nate Chatellier / Manny Trembley","Gavan Brown / Nate Chatellier / Manny Trembley","-0.31","new","","True","7","2-6","20-40 min","2E440"
"0","Legendary: A James Bond Deck Building Game","285157","2019","Already covered","6.87","6.85","6.91","6.96","6.79","6.88","medium","823","2.48","Ben Cichoski / Devin Low / Daniel Mandel","Ben Cichoski / Daniel Mandel","-0.2","owned","146652 / 200171","False","28","1-5","45 min","3F610"
"0","Knarr: Skali","463722","2026","Expansion","6.84","6.89","6.84","6.75","6.77","6.72","low","160","2","Thomas Dupont","Thomas Dupont","-0.01","new","","True","77","2-4","30 min","6B300"
"0","Rock Hard 1977: Ear Candy","457581","2026","Expansion","6.82","6.76",,,"7.17","6.72","low","17","2","Jackie Fox","","0","new","","True","142","2-5","55-100 min","3D600"
"0","Labyrinth: Chronicles","440136","2026","Already covered","6.79","6.91","6.64","6.73","6.6","6.66","medium","530","1.83","Max J. Kobbert / Jan Truchanowicz","Max J. Kobbert","-0.06","played-not-owned","1219","False","19","2-4","20-60 min",""
"0","Cities USA","457571","2026","Already covered","6.77","6.67","6.7","7.01","7.24","6.85","low","168","2.4","Steve Finn / Phil Walker-Harding","Steve Finn / Phil Walker-Harding","0.1","played-not-owned","402676","False","113","1-4","45-60 min","3D600"
"0","Wroth: Paldeyn","417507","2025","Expansion","6.73","6.7","6.65",,"6.91","6.72","low","133","2","Manny Trembley","Manny Trembley","-0.42","new","","True","18","1-4","60 min",""
"0","Wroth: Venna","417506","2025","Expansion","6.72","6.68","6.65",,"6.91","6.72","low","127","2","Manny Trembley","Manny Trembley","-0.42","new","","True","17","1-4","60 min",""
"0","Claim: Alliances","378347","2023","Expansion","6.7","6.49","7.16","6.78","6.71","6.72","low","42","2","Scott Almes","Scott Almes","0.1","new","","True","19","2-2","25 min",""
"0","Ace of Spades: Call of the Zombie","457607","2026","Expansion","6.64","6.43",,"7.03","6.77","6.59","low","70","1.5","Benjamín Amorín","","0","new","","True","165","1-2","40-45 min","3D600"
"0","Wingspan Pocket","473508","2026","Already covered","6.64","6.57","6.77","6.75","6.52","6.69","high","1618","1.91","Elizabeth Hargrave","Elizabeth Hargrave","-0.28","played-not-owned","266192","False","76","1-5","25-35 min",""
"0","Jackpot: Set the Reel – Expansions","452132","2026","Expansion","6.64","6.45","6.86","6.9","6.76","6.72","insufficient","3","2","William Brasher / Kristian Karlberg / Ayden Lowther / Simon Milburn / Kenny Zetterberg","Ayden Lowther","-0.05","new","","True","33","1-4","30-45 min",""
"0","Nature: Natural Disasters","450326","2025","Expansion","6.56","6.25",,,"7.17","6.63","low","65","1.67","Dominic Crapuchettes","","0","new","","True","17","1-4","60 min",""
"0","Mountain Goats: Legacy","460712","2026","Already covered","6.54","6.45","6.56","6.79","6.55","6.65","low","180","1.8","Alex Cutler / Michael Mihealsick / Stefan Risthaus","Stefan Risthaus","-0.34","played-not-owned","63975","False","145","2-5","20-45 min",""
"0","Solstis: Firefly","436120","2025","Expansion","6.45","6.11","6.73","7.09","7.02","6.53","low","135","1","Bruno Cathala / Corentin Lebrat","Bruno Cathala","-0.09","new","","True","29","2-2","15 min",""
"0","Diamant: Caution and Betrayal","360880","2023","Expansion","6.44","6.12","6.74","6.85","7.21","6.55","low","113","1.33","Bruno Faidutti / Alan R. Moon","Bruno Faidutti / Alan R. Moon","0.06","new","","True","23","3-8","30 min",""
"0","Gruntz: Supplies","468575","2026","Expansion","6.37","5.84",,"7.22","7.04","6.53","low","19","1","Carter Scott","","0","new","","True","40","2-2","20 min",""
"0","Alhambra: The Card Game","431","1992","Already covered","6.24","5.68","6.84","6.93","6.84","6.63","high","1100","1.71","Dirk Henn","Dirk Henn","-0.05","played-not-owned","6249","False","14","2-6","45 min",""
"0","Dance of Ibexes","13005","2004","Already covered","6.23","5.77","6.82","6.78","6.32","6.57","medium","892","1.4","Wolfgang Kramer","Wolfgang Kramer","0.09","owned","432","False","18","2-8","30 min","Hall 6 6D405"
"0","Mountain Goats","63975","2010","Already covered","6.05","5.45","6.56","6.94","6.55","6.54","high","6083","1.19","Stefan Risthaus","Stefan Risthaus","-0.34","played-not-owned","63975","False","85","2-4","20 min",""
"0","Hues and Cues","302520","2020","Already covered","5.95","5.33","6.6","6.6","6.4","6.53","high","8193","1.06","Scott Brady","Scott Brady","-0.09","played-not-owned","302520","False","13","3-10","30 min",""
"0","Endeavor: Deep Sea – Uncharted Waters","446892","2026","Expansion",,,,"7.33","6.84",,"insufficient","31","0","Carl de Visser / Jarratt Gray","","0","new","","True","751","1-5","45-90 min","3-D400"
"0","The Dawn of Pangaea","449854","2026","Already covered",,,"7.05","6.97","6.93",,"insufficient","14","0","Thomas Franken","","0","owned","317859","False","542","1-4","40-80 min","3Q400"
"0","The White Castle: Bōeki","474947","2026","Expansion",,,,"7.18","7.19",,"insufficient","7","0","Isra C. / Shei S.","","0","new","","True","523","1-4","80-100 min","3D600"
"0","Faraway: Beyond the Veil","471430","2026","Expansion",,,,"6.99","6.71",,"insufficient","8","0","Johannes Goupy / Corentin Lebrat","","0","new","","True","395","2-6","15-30 min",""
"0","Night at the Zoo: Latecomers","465741","2026","Expansion",,,"7.33",,"6.85",,"insufficient","23","0","Tomáš Holek","","0","new","","True","303","1-4","30 min","4-D400, 6-E110"
"0","Agent Avenue: Four Seasons","474854","2026","Expansion",,,,"6.85","6.68",,"insufficient","4","0","Christian Kudahl / Laura Kudahl","","0","new","","True","278","2-4","10-20 min",""
"0","Forestry: Growing Further","474292","2026","Expansion",,,,"7.29","7.35",,"insufficient","1","0","Michal Peichl","","0","new","","True","208","1-4","35-120 min",""
"0","Hegemony: Shadows of Authority","456369","2026","Expansion",,,"7.49","7.18","7.36",,"insufficient","5","0","Vangelis Bagiartakis / Varnavas Timotheou","","0","new","","True","208","2-4","90-180 min","3.Q500"
"0","Explorers of Navoria: World's Edge","471406","2027","Expansion",,,,"7.36","7.06",,"insufficient","3","0","Zheng Kong","","0","new","","True","167","1-5","40-80 min",""
"0","A Wild Venture: Byways","474525","2026","Expansion",,,,,"6.7",,"insufficient","3","0","Iain Everett","","0","new","","True","157","2-2","unknown","3Q315"
"0","Take Time: Mirage","471206","2026","Expansion",,,,"6.89","6.76",,"insufficient","6","0","Alexi Piovesan / Julien Prothière","","0","new","","True","157","2-4","30 min","7C111"
"0","Conservas: Exotic Tides","463016","2026","Expansion",,,"7.16","7.14","6.84",,"insufficient","8","0","Scott Almes","","0","new","","True","156","1-1","25-35 min","3-A400"
"0","A Wild Venture: Revelry","474523","2026","Expansion",,,,,"6.7",,"insufficient","3","0","Iain Everett","","0","new","","True","153","2-2","unknown","3Q315"
"0","Valpiedra 1.5","464235","2026","Expansion",,,,,"7.17",,"insufficient","12","0","","","0","new","","True","149","1-4","40 min","3P115"
"0","Bomb Busters: The Pro Kit","472930","2026","Expansion",,,,"6.4","7.17",,"insufficient","0","0","Hisashi Hayashi","","0","new","","True","144","2-5","20-30 min","2-A627"
"0","Boss Fighters QR: Jungle Fever","474431","2026","Expansion",,,"6.74","6.97","6.74",,"insufficient","0","0","Michael Palm / Lukas Zach","","0","new","","True","129","2-4","40-60 min",""
"0","Revenant: Reason and Faith","473375","2026","Expansion",,,,"7.25","7.34",,"insufficient","21","0","Robin Hegedűs","","0","new","","True","127","1-4","90-120 min","3G115"
"0","Endangered: Australia","438031","2026","Expansion",,,,"7.07","6.9",,"insufficient","7","0","Martin Biesheuvel / Joe Hopkins / Joshua Sprung","","0","new","","True","111","1-5","60-90 min","3E400"
"0","Pirates of Maracaibo: Shipbuilders","475541","2026","Expansion",,,"6.7","7.06","7",,"insufficient","0","0","Ryan Hendrickson / Alexander Pfister","","0","new","","True","103","1-4","30-120 min","3-C115"
"0","Deckers: Duplicity","469375","2026","Expansion",,,,"7.12","7.34",,"insufficient","0","0","Richard Wilkins","","0","new","","True","103","1-4","60-90 min",""
"0","Ironwood: Steel & Spirit","475303","2026","Expansion",,,,"7.25","7.05",,"insufficient","1","0","Maël Brunet / Julien Chaput","","0","new","","True","103","1-2","30-60 min",""
"0","Enchanted Ivy: A Grand Birthday","462497","2026","Expansion",,,,"7.06","6.89",,"insufficient","13","0","Sarah Joshua","","0","new","","True","100","1-1","10-20 min",""
"0","Pest: Guilds of Thokaia","425752","2025","Expansion",,,"7.11","7.33","7.3",,"insufficient","12","0","Milan Tasevski","","0","new","","True","100","2-5","45-150 min",""
"0","Campeones: Oliver y Benji – Desafío Otomo","445798","2025","Expansion",,,,"6.67","6.73",,"insufficient","6","0","Pablo M. Peón","","0","new","","True","98","1-4","25-40 min","3P115"
"0","Boktor: Shadow of the Forest","463647","2026","Expansion",,,,"7.1","6.91",,"insufficient","2","0","Ludovic Adam","","0","new","","True","95","1-6","45-90 min",""
"0","More Containers","468181","2026","Expansion",,,,"7.06","7.44",,"insufficient","86","0","Kevin Nesbitt","","0","new","","True","92","3-5","unknown",""
"0","Night at the Zoo: Unicorn","470816","2026","Expansion",,,"7.33","7.09","6.81",,"insufficient","11","0","Tomáš Holek","","0","new","","True","88","1-4","30 min","4-D400, 6-E110"
"0","Light in the Dark: Fires of Thokaia","445034","2026","Expansion",,,"7.11","7.34","7.02",,"insufficient","7","0","Kai Starck / Milan Tasevski","","0","new","","True","82","1-2","30-60 min",""
"0","Galactic Cruise: Perfect Planning Promo Card","470410","2026","Expansion",,,"7.4",,"7.55",,"insufficient","2","0","T.K. King / Dennis Northcott / Koltin Thompson","","0","new","","True","81","1-4","90-150 min","4-D320"
"0","Karak II: Inferno","470886","2026","Expansion",,,,"7.31","6.88",,"insufficient","3","0","Petr Mikša","","0","new","","True","80","1-5","45-90 min","4-D400"
"0","Dirt & Dust: Harbordrift","457414","2026","Expansion",,,,"7.04","6.77",,"insufficient","3","0","Petr Čáslava","","0","new","","True","75","1-4","90 min","4-D400"
"0","Galactic Cruise: Rescue Mission Promo Card","465513","2026","Expansion",,,,,"7.55",,"insufficient","6","0","","","0","new","","True","69","1-4","90-150 min","4-D320"
"0","Gloomhaven: Buttons & Bugs – The Flames of Ashtar","473808","2026","Expansion",,,,"7.37","7.17",,"insufficient","0","0","","","0","new","","True","68","1-1","20 min",""
"0","Roll Camera!: Disaster Movie Story Pack","466656","2027","Expansion",,,,,"6.73",,"insufficient","0","0","Malachi Ray Rempen","","0","new","","True","68","1-6","unknown",""
"0","Rebel Princess: Deluxe Edition – Marianne","474162","2026","Expansion",,,,"5.85","7.17",,"insufficient","7","0","","","0","new","","True","67","3-6","30-45 min",""
"0","Buttons & Bugs: Pub Crawlers","473161","2026","Expansion",,,"7.3","7.18","7.03",,"insufficient","1","0","Nikki Valens","","0","new","","True","64","1-1","20-30 min",""
"0","Courtisans: Diplomates et confidents","463741","2026","Expansion",,,,"6.98","6.76",,"insufficient","23","0","Romaric Galonnier / Anthony Perone","","0","new","","True","64","2-6","20-30 min",""
"0","Keep the Heroes Out!: Dungeons Below","463523","2026","Expansion",,,,,"7.17",,"insufficient","4","0","Luís Brueh","","0","new","","True","62","1-4","unknown","2B350"
"0","Discordia: Diana","473368","2026","Expansion",,,,"7.35","7.29",,"insufficient","0","0","Bernd Eisenstein","","0","new","","True","61","1-5","60-90 min","3H110"
"0","Kelp: Offshore Offspring Expansion","455090","2026","Expansion",,,,,"7.17",,"insufficient","1","0","Carl Robinson","","0","new","","True","61","2-2","40-60 min",""
"0","Not Alone: Remastered Edition","468801","2026","Already covered",,,"6.83","6.78","6.86",,"insufficient","11","0","Ghislain Masson","","0","owned","194879","False","59","2-7","30-75 min","2E610"
"0","Light Speed: Arena – The Space Banana","477074","2026","Expansion",,,,"7.12","7.02",,"insufficient","3","0","Leonardo Alese / Emanuele Santellani","","0","new","","True","58","1-6","5-15 min","4D415"
"0","Codenames: Critical Role Adventures – Vox Machina Expansion Pack","465851","2026","Expansion",,,"6.68","6.96","6.92",,"insufficient","10","0","Vlaada Chvátil / Felix Podlesny","","0","new","","True","57","2-4","15 min",""
"0","Collect!: Sharp & Shimmer","475360","2026","Expansion",,,,"6.75","6.56",,"insufficient","2","0","Jérémy Ducret / Johannes Goupy","","0","new","","True","56","2-5","15 min",""
"0","Neon Hope: Alternative Characters","470956","2026","Expansion",,,,"7.2","7.1",,"insufficient","10","0","Francesco Grothe / Dominik Schönleben","","0","new","","True","56","1-4","90-120 min","4G200"
"0","Neon Hope: A Hopeful Cause – Character Expansion","470953","2026","Expansion",,,,"7.2","6.97",,"insufficient","8","0","Francesco Grothe / Richi Anna Haarhoff / Dominik Schönleben","","0","new","","True","55","1-4","90-120 min","4G200"
"0","Pixies: Little Giants","476293","2026","Expansion",,,,"6.73","6.74",,"insufficient","2","0","Johannes Goupy","","0","new","","True","54","2-6","30 min",""
"0","Light Speed Arena: League 56","476852","2026","Expansion",,,,"7.18","6.91",,"insufficient","1","0","Leonardo Alese / Emanuele Santellani","","0","new","","True","47","1-6","5-10 min",""
"0","Codenames: Fairy Tales Expansion Pack","464602","2026","Expansion",,,"6.68","6.74","6.59",,"insufficient","8","0","Vlaada Chvátil","","0","new","","True","46","4-8","15 min",""
"0","Zombie Princess: Little Mermaid","472325","2026","Expansion",,,"6.63","7.11","6.89",,"insufficient","6","0","Ted Alspach","","0","new","","True","46","3-6","unknown",""
"0","Age of Innovation: Future & Past","469494","2026","Expansion",,,"7.18",,"7.17",,"insufficient","7","0","Helge Ostertag","","0","new","","True","46","1-5","40-200 min","3Q300"
"0","Mythwind: The Herbalist","463037","2026","Expansion",,,,,"7.17",,"insufficient","0","0","Daryl Andrews / Jenna Rose Beasley","","0","new","","True","44","1-4","30-60 min","2C130"
"0","Codenames: Sci-Fi Expansion Pack","464604","2026","Expansion",,,"6.68","6.74","6.77",,"insufficient","10","0","Vlaada Chvátil","","0","new","","True","43","4-8","15 min",""
"0","Mythwind: The Shepherd","463038","2026","Expansion",,,"7.3",,"7.17",,"insufficient","0","0","Nikki Valens","","0","new","","True","43","1-4","30-60 min","2C130"
"0","Codenames: Pictures – Cute Critters Expansion Pack","464600","2026","Expansion",,,"6.68","6.74","6.6",,"insufficient","9","0","Vlaada Chvátil","","0","new","","True","42","4-8","15-30 min",""
"0","Neon Hope: Without a Trace – RPG Crossover Episode","470957","2026","Expansion",,,,"7.2","6.97",,"insufficient","6","0","Francesco Grothe","","0","new","","True","42","1-4","90-120 min","4G200"
"0","War of the Ring: Sieges of Middle-earth","463030","2026","Expansion",,,"7.55","7.3","7.17",,"insufficient","3","0","Roberto Di Meglio / Marco Maggi / Francesco Nepitello","","0","new","","True","42","2-4","180 min",""
"0","War of the Ring: The Card Game – Hope and Despair","463092","2026","Expansion",,,"6.88","7.12","7.01",,"insufficient","6","0","Ian Brody","","0","new","","True","40","2-6","60 min",""
"0","A Message From The Stars: Extinction Protocol","468576","2026","Expansion",,,,"6.84","6.92",,"insufficient","11","0","Clarence Simpson","","0","new","","True","39","2-8","45 min",""
"0","PuffiNova: Cosmic Upgrades","469040","2026","Expansion",,,,"7.35","6.7",,"insufficient","1","0","Juhana Keskinen / Vilma Vihervaara","","0","new","","True","39","2-5","30-90 min","6-D109"
"0","Leviathan Wilds: Deepvale","427282","2025","Expansion",,,"6.89","7.2","6.86",,"insufficient","163","0","Justin Kemppainen","","0","new","","True","38","1-4","45-90 min",""
"0","Wasserkraft: Das Sammelbecken","478097","2026","Expansion",,,"6.65",,"7.17",,"insufficient","0","0","Tommaso Battista / Simone Luciani","","0","new","","True","38","2-5","90-150 min","3Q300"
"0","Marrakesh: Walls & Guards","460584","2026","Expansion",,,"6.02",,"7.21",,"insufficient","15","0","Stefan Feld / Ulrich Fonrobert","","0","new","","True","37","2-4","120 min",""
"0","Tricky Time Crisis: Call of Heroes","473436","2026","Expansion",,,,"6.57","6.78",,"insufficient","0","0","Jon Barron","","0","new","","True","37","2-5","30-60 min","4F510"
"0","Bier Boom: Mini-Erweiterung „Luigi Moretti“","457749","2025","Expansion",,,,"7.84","7.42",,"insufficient","5","0","Thomas Spitzer","","0","new","","True","35","2-4","70-90 min","3G515"
"0","Dungeons of Doria: Arcane Abominations","427892","2025","Expansion",,,,,"7.17",,"insufficient","26","0","Viktor Ahrens / Ernst-Joachim Preussler","","0","new","","True","33","1-6","60-270 min","3-H325"
"0","Wingspan: Fan-Designed Card Packs – Set 1","471469","2026","Expansion",,,"6.77",,"7.17",,"insufficient","30","0","Will Downham / Sam Gray / Elizabeth Hargrave / Racquel Mohr Halland / Travis Willse / David Withington","","0","new","","True","31","1-5","40-70 min","3Q300"
"0","West Story: Pioneers","430824","2025","Expansion",,,,"7.1","6.75",,"insufficient","18","0","Piotr Dachtera","","0","new","","True","31","1-4","50-100 min","2-D510"
"0","Bier Booster: Kartenset II „Frederick Pabst“","475445","2026","Expansion",,,,,"7.17",,"insufficient","0","0","Thomas Spitzer","","0","new","","True","30","2-4","unknown","3G515"
"0","Bier Booster: Kartenset I „Freitrunk“","475361","2026","Expansion",,,,,"7.17",,"insufficient","1","0","Thomas Spitzer","","0","new","","True","30","2-4","unknown","3G515"
"0","Maglev Maps: Volume 2","437651","2026","Expansion",,,"6.63","7.18","7.09",,"insufficient","11","0","Ted Alspach","","0","new","","True","29","1-4","60-90 min",""
"0","Light Speed: Arena – Dice Tower Sponsored Asteroid","477064","2026","Expansion",,,,"7.17","7.02",,"insufficient","0","0","Leonardo Alese / James Ernest / Tom Jolly / Emanuele Santellani","","0","new","","True","28","1-6","5-15 min","4D415"
"0","Light Speed: Arena – Meeple King Sponsored Asteroid","477070","2026","Expansion",,,,"7.17","7.02",,"insufficient","0","0","Leonardo Alese / Emanuele Santellani","","0","new","","True","28","1-6","5-15 min","4D415"
"0","KPop Demon Hunters: Battle for the Spotlight","472581","2026","Already covered",,,"6.86","6.81","6.69",,"insufficient","7","0","Seiji Kanai / Waleed Ma'arouf","","0","owned","129622 / 353470","False","27","2-6","15 min",""
"0","Abroad: Vienna Variant Promo","474429","2026","Expansion",,,,"7.08","7.15",,"insufficient","0","0","Rodrigo Rego / Danilo Valente","","0","new","","True","27","2-5","90 min",""
"0","Paupers' Medley","453725","2026","Expansion",,,,"6.98","6.89",,"insufficient","22","0","Paul Stapleton","","0","new","","True","27","1-4","30-90 min","3G515"
"0","Little Soldiers: Machine Gunner","474244","2026","Expansion",,,,"7.2","7.27",,"insufficient","0","0","Florent Baudry / Adrien Fenouillet","","0","new","","True","26","2-4","30 min","6F200"
"0","Little Soldiers: Paratrooper","474243","2026","Expansion",,,,"7.2","7.27",,"insufficient","0","0","Florent Baudry / Adrien Fenouillet","","0","new","","True","26","2-4","30 min","6F200"
"0","One Card Dungeon Adventure Pack: Hell's Door","462235","2026","Expansion",,,,"7.33","6.89",,"insufficient","8","0","Giampaolo Razzino / Barny Skinner","","0","new","","True","24","1-1","15-60 min","2-D511"
"0","Explorers of the Woodlands: Wildscale Swamps","429027","2026","Expansion",,,,"7.22","7.17",,"insufficient","6","0","Geoffrey Wood","","0","new","","True","24","1-5","35-60 min","4F500"
"0","Mindbug: Add-On Pack 2024-2025","475357","2026","Expansion",,,"6.84","6.73","6.77",,"insufficient","1","0","Skaff Elias / Richard Garfield / Marvin Hegen / Christian Kudahl","","0","new","","True","23","2-2","unknown",""
"0","Haunted Mouse: It's a Trap!","472321","2026","Expansion",,,,"6.92","6.94",,"insufficient","11","0","Jonathan Cox","","0","new","","True","22","2-5","30 min",""
"0","Nature: Promo Box","475511","2026","Expansion",,,,"7.1","6.93",,"insufficient","0","0","Dominic Crapuchettes","","0","new","","True","22","1-4","30 min",""
"0","Altay: Seafarers Expansion","454723","2026","Expansion",,,"7.34","7.09","7.16",,"insufficient","16","0","Roberto Di Meglio / Fabio Maiorana","","0","new","","True","21","2-4","45 min",""
"0","LEDA: Snake Expansion","473434","2026","Expansion",,,,"6.95","6.74",,"insufficient","0","0","Pierrick Libralesso / Renaud Libralesso / Yoel Sayada","","0","new","","True","21","2-2","30 min","6K400"
"0","Road Master: Dock'n'Roll","476571","2026","Expansion",,,,"7.22","7.44",,"insufficient","0","0","Jean-Christophe Bouvier","","0","new","","True","20","2-6","20-50 min","2B630"
"0","Moustache: Caméléons","476171","2026","Expansion",,,,"6.71","6.58",,"insufficient","1","0","Alexandre Aguilar / Jules Messaud","","0","new","","True","20","3-6","20 min",""
"0","Scribble City: Tokyo City Deck","474169","2026","Expansion",,,,"6.95","7.21",,"insufficient","0","0","Isaac Tan","","0","new","","True","20","1-4","45-60 min","5-K310"
"0","Diceocracy: Power to the Pips","466056","2026","Expansion",,,,"7.28","7.21",,"insufficient","0","0","Tobias Hall","","0","new","","True","19","1-5","60-90 min",""
"0","SAN: ARTEFACT","478309","2026","Expansion",,,,"6.87","6.77",,"insufficient","0","0","Jules Messaud / Martin Montergnole","","0","new","","True","19","2-2","25 min","2A440"
"0","Cat Packs: Purrstock Festival","455155","2026","Expansion",,,,"6.86","6.74",,"insufficient","0","0","Tobias Hall","","0","new","","True","18","1-4","30-45 min",""
"0","Eternitium: Lost-Gen","471376","2026","Expansion",,,,"6.62","7",,"insufficient","1","0","Thomas Carlier","","0","new","","True","18","1-5","20-30 min","3-R125"
"0","Age of Comics: The Vault Collection","473149","2026","Expansion",,,,"7.05","7.13",,"insufficient","1","0","Giacomo Cimini / Sónia Gonçalves","","0","new","","True","18","1-4","60-110 min",""
"0","Magic Number Eleven: Expansion","445419","2025","Expansion",,,,"6.81","6.85",,"insufficient","26","0","Bonghwan Ju","","0","new","","True","17","2-2","30-45 min","6-D405 (Playte)"
"0","Hike!: All About Huskies Expansion","477110","2026","Expansion",,,,,"6.82",,"insufficient","2","0","Blaž Hribar / Nika Mlinarič","","0","new","","True","16","2-6","20-45 min","2-B515"
"0","Black Rose Wars: Rebirth – Mathemagics","471485","2026","Expansion",,,,"7.19","7.05",,"insufficient","2","0","","","0","new","","True","15","2-4","90 min","3B225"
"0","Summoner Wars (Second Edition): Moonsteppe Wolves Faction Deck","472281","2026","Expansion",,,,"7.15","6.77",,"insufficient","16","0","Colby Dauch","","0","new","","True","14","2-2","30-60 min",""
"0","Ashes Ascendancy: Natural Magic Expansion","472285","2026","Expansion",,,,"6.99","6.76",,"insufficient","14","0","Nick Conley","","0","new","","True","13","1-2","30-60 min",""
"0","Tornado Splash: Character Skill Mini-expansion","478163","2026","Expansion",,,,"7.17","6.75",,"insufficient","0","0","Moyuki Adisawa (アヂサワモユキ)","","0","new","","True","13","2-5","20 min",""
"0","Warp 99: Hyperdrive","468397","2026","Expansion",,,"6.63","6.8","6.77",,"insufficient","3","0","Ted Alspach","","0","new","","True","13","2-4","30 min",""
"0","Gems of Iridescia: Radiant Recalibrator Promo Card","475333","2026","Expansion",,,,,"7.04",,"insufficient","1","0","Roberto Panetta","","0","new","","True","12","1-4","60-90 min",""
"0","Hidden Ark: Wild Oceans","458684","2026","Expansion",,,,"6.98","6.8",,"insufficient","2","0","Tobias Hall","","0","new","","True","11","1-5","60-90 min",""
"0","Summoner Wars (Second Edition): Thornhold Drey Faction Deck","472280","2026","Expansion",,,,"7.15","6.77",,"insufficient","14","0","Colby Dauch","","0","new","","True","11","2-2","30-60 min",""
"0","The Mix: Signature Card Pack","465472","2026","Expansion",,,,,"7.17",,"insufficient","0","0","Guime","","0","new","","True","10","1-4","unknown",""
"0","The Mix: International Card Pack","465473","2026","Expansion",,,,,"7.17",,"insufficient","0","0","Guime","","0","new","","True","10","1-4","unknown",""
"0","The Mix: Tiki Style Card Pack","465471","2026","Expansion",,,,,"7.17",,"insufficient","0","0","Guime","","0","new","","True","10","1-4","unknown",""
"0","Tianxia: Silk Road","465739","2026","Expansion",,,"7.72","7.22","7.47",,"insufficient","3","0","Antonio Petrelli / Daniele Tascini","","0","new","","True","10","1-4","60-120 min","2E440"
"0","Discordia: Germanicus","478532","2026","Expansion",,,,"7.35","7.29",,"insufficient","0","0","Bernd Eisenstein","","0","new","","True","10","1-5","70-90 min",""
"0","The Mix: Mocktails Card Pack","465470","2026","Expansion",,,,,"7.17",,"insufficient","0","0","Guime","","0","new","","True","10","1-4","unknown",""
"0","Neuroshima Hex: Purifiers","477612","2026","Expansion",,,,"7.12","7.34",,"insufficient","0","0","Gavin Garcia","","0","new","","True","9","2-4","30 min",""
"0","Super Auto Pets Card Battle: Bonus Pack 1","475351","2026","Expansion",,,,,"6.77",,"insufficient","5","0","Nick Conley","","0","new","","True","9","2-2","30 min",""
"0","Mega Empires: The Silk Road","466446","2027","Expansion",,,,"7.1","7.42",,"insufficient","2","0","Flo de Haan / Gerart de Haan","","0","new","","True","8","3-30","180-780 min",""
"0","BigWig: Promo Pack","477915","2026","Expansion",,,,"6.52","6.8",,"insufficient","0","0","Dominik Artefex / Mario Mittermüller","","0","new","","True","8","2-6","20 min",""
"0","Viking Raiders: Loki's Mischief","447200","2025","Expansion",,,,"6.88","6.87",,"insufficient","10","0","Morten Billcliff","","0","new","","True","5","2-5","25-60 min","2E440"
"0","Vine: Pumpkins & Beetles","477848","2026","Expansion",,,,"7.18","7.1",,"insufficient","1","0","Bobby Powell","","0","new","","True","5","1-6","30-45 min","3-S120"
"0","Kryptothera: A Cryptid in Every City Expansion","473274","2026","Expansion",,,,"7.13","7.26",,"insufficient","1","0","David Pecorini Cancellario D' Alena / Sara Parsi di Landrone / Vangelis Matthaiopoulos / Stefanos Pagonidis","","0","new","","True","4","2-6","60-90 min","2C310"
"0","Kryptothera: The Cryptid Pursuit – Solo & Co-op Mode","464436","2026","Expansion",,,,"7.11","7.26",,"insufficient","2","0","David Pecorini Cancellario D' Alena / Sara Parsi di Landrone / Vangelis Matthaiopoulos / Stefanos Pagonidis","","0","new","","True","3","1-4","30-90 min","2C310"
"0","Kryptothera: The Cryptid Pursuit – The Cultural Exchange Expansion","473270","2026","Expansion",,,,"7.13","7.26",,"insufficient","1","0","David Pecorini Cancellario D' Alena / Sara Parsi di Landrone / Vangelis Matthaiopoulos / Stefanos Pagonidis","","0","new","","True","3","2-6","60-90 min","2C310"
"0","Kryptothera: Monstrous Holidays Expansion","473273","2026","Expansion",,,,"7.13","7.26",,"insufficient","1","0","David Pecorini Cancellario D' Alena / Sara Parsi di Landrone / Vangelis Matthaiopoulos / Stefanos Pagonidis","","0","new","","True","3","2-6","60-90 min","2C310"
"0","Kryptothera: Frontiers Awaken Expansion","473275","2026","Expansion",,,,"7.13","7.26",,"insufficient","1","0","David Pecorini Cancellario D' Alena / Sara Parsi di Landrone / Vangelis Matthaiopoulos / Stefanos Pagonidis","","0","new","","True","3","2-6","60-90 min","2C310"
"0","Pixie Time: Promo Tile ""Sticky Slime""","477979","2026","Expansion",,,,"7.22","6.71",,"insufficient","0","0","Luca Bellini / Luca Borsa / Carlo Emanuele Lanzavecchia / Walter Obert","","0","new","","True","3","2-6","15 min",""
"0","Scenery: Light, Looks & Lakes","446740","2025","Expansion",,,,,"7.17",,"insufficient","2","0","Luke Allison / Corné van Moorsel","","0","new","","True","1","1-5","20-50 min",""
