"base_bgg_id","base_name","expansion_id","expansion_name","is_fan"
"400205","5 Towers","430428","5 Towers: Great Powers","False"
"173346","7 Wonders Duel","309116","7 Wonders Duel: Agora","False"
"173346","7 Wonders Duel","348601","7 Wonders Duel: Agora – Tu Quoque Fili Promo Card","False"
"173346","7 Wonders Duel","202976","7 Wonders Duel: Pantheon","False"
"173346","7 Wonders Duel","310215","7 Wonders Duel: Solo","False"
"173346","7 Wonders Duel","196339","7 Wonders Duel: Statue of Liberty Promo Card","False"
"173346","7 Wonders Duel","186069","7 Wonders Duel: The Messe Promo Card","False"
"330950","Age of Galaxy","449156","Age of Galaxy: Kickstarter Promo Faction cards","False"
"247367","Air, Land, & Sea","314335","Air, Land, & Sea: Ultimatum (Promo)","False"
"48726","Alien Frontiers","258319","Alien Frontiers Factions: Definitive Edition","False"
"48726","Alien Frontiers","383881","Alien Frontiers: Data Core Expansion Pack","False"
"48726","Alien Frontiers","161118","Alien Frontiers: Expansion Pack #1","False"
"48726","Alien Frontiers","161120","Alien Frontiers: Expansion Pack #2","False"
"48726","Alien Frontiers","161121","Alien Frontiers: Expansion Pack #3","False"
"48726","Alien Frontiers","161122","Alien Frontiers: Expansion Pack #4","False"
"48726","Alien Frontiers","161123","Alien Frontiers: Expansion Pack #5","False"
"48726","Alien Frontiers","161124","Alien Frontiers: Expansion Pack #6","False"
"48726","Alien Frontiers","171857","Alien Frontiers: Expansion Pack #7","False"
"48726","Alien Frontiers","107407","Alien Frontiers: Faction Pack #1","False"
"48726","Alien Frontiers","142647","Alien Frontiers: Faction Pack #2","False"
"48726","Alien Frontiers","142648","Alien Frontiers: Faction Pack #3","False"
"48726","Alien Frontiers","142649","Alien Frontiers: Faction Pack #4","False"
"48726","Alien Frontiers","93193","Alien Frontiers: Factions","False"
"48726","Alien Frontiers","174929","Alien Frontiers: Galactic Pack","False"
"48726","Alien Frontiers","85964","Alien Frontiers: Matter Extractor","False"
"48726","Alien Frontiers","258320","Alien Frontiers: Mercury's Angels Faction","False"
"48726","Alien Frontiers","70647","Alien Frontiers: Outer Belt","False"
"48726","Alien Frontiers","218518","Alien Frontiers: Promo Pack 2017","False"
"48726","Alien Frontiers","88282","Alien Frontiers: The Mind Control Helmet","False"
"256852","Aliens: Another Glorious Day in the Corps","313533","Aliens: Another Glorious Day in the Corps – Get Away From Her, You B***h!","False"
"256852","Aliens: Another Glorious Day in the Corps","313532","Aliens: Another Glorious Day in the Corps – Ultimate Badasses","False"
"256852","Aliens: Another Glorious Day in the Corps","383476","Aliens: Another Glorious Day in the Corps – We're in the Pipe, Five by Five","False"
"110277","Among the Stars","128152","Among the Stars: Ambassadorial Shuttle","False"
"110277","Among the Stars","211559","Among the Stars: Consulting Firm","False"
"110277","Among the Stars","153137","Among the Stars: Expanding the Alliance","False"
"110277","Among the Stars","138546","Among the Stars: Hythian","False"
"110277","Among the Stars","125841","Among the Stars: Indiegogo Promos","False"
"110277","Among the Stars","167899","Among the Stars: Intelligence Agency","False"
"110277","Among the Stars","265284","Among the Stars: Lost and Found Promo Card","False"
"110277","Among the Stars","142599","Among the Stars: Pre-order Promo Cards","False"
"110277","Among the Stars","149903","Among the Stars: Section Seal","False"
"110277","Among the Stars","207267","Among the Stars: Space Farms","False"
"110277","Among the Stars","166192","Among the Stars: Stretch Rewards","False"
"110277","Among the Stars","139630","Among the Stars: The Ambassadors","False"
"110277","Among the Stars","149377","Among the Stars: Wiss","False"
"110277","Among the Stars","283936","Artipia Games: The Promo Pack","False"
"110277","Among the Stars","157934","Pośród Gwiazd: Zestaw 7 dodatkowych kart","False"
"358661","Andromeda's Edge","379786","Andromeda's Edge: Escalation","False"
"358661","Andromeda's Edge","428249","Andromeda's Edge: Exotic Matter Promo Kit","False"
"358661","Andromeda's Edge","452835","Andromeda's Edge: Genesis","False"
"358661","Andromeda's Edge","437011","Andromeda's Edge: The Dice Tower Promo Cards","False"
"236457","Architects of the West Kingdom","356120","Architecten van het Westelijk Koninkrijk: Promodeck","False"
"236457","Architects of the West Kingdom","285235","Architects of the West Kingdom: Age of Artisans","False"
"236457","Architects of the West Kingdom","343489","Architects of the West Kingdom: Crossover Promo Pack","False"
"236457","Architects of the West Kingdom","298909","Architects of the West Kingdom: Dice Tower 2020 Pack","False"
"236457","Architects of the West Kingdom","248492","Architects of the West Kingdom: Extra Apprentices","False"
"236457","Architects of the West Kingdom","248491","Architects of the West Kingdom: Extra Buildings","False"
"236457","Architects of the West Kingdom","248493","Architects of the West Kingdom: Extra Player Boards","False"
"236457","Architects of the West Kingdom","274418","Architects of the West Kingdom: Garphill Games 5-Year Anniversary Promo Cards","False"
"236457","Architects of the West Kingdom","312753","Architects of the West Kingdom: Jugador","False"
"236457","Architects of the West Kingdom","304625","Architects of the West Kingdom: King Dan","False"
"236457","Architects of the West Kingdom","289464","Architects of the West Kingdom: King's Table Top","False"
"236457","Architects of the West Kingdom","274783","Architects of the West Kingdom: Paladins Apprentices","False"
"236457","Architects of the West Kingdom","371958","Architects of the West Kingdom: Principi Promo Card","False"
"236457","Architects of the West Kingdom","286548","Architects of the West Kingdom: Promo Paradise Card Set","False"
"236457","Architects of the West Kingdom","295038","Architects of the West Kingdom: Racketeer","False"
"236457","Architects of the West Kingdom","330371","Architects of the West Kingdom: Suzerain","False"
"236457","Architects of the West Kingdom","327245","Architects of the West Kingdom: Works of Wonder","False"
"236457","Architects of the West Kingdom","265125","Garphill Games 5-Year Anniversary Promo Pack","False"
"236457","Architects of the West Kingdom","290834","Level Up Loot 2","False"
"236457","Architects of the West Kingdom","293647","West Kingdom Mini Card Set","False"
"236457","Architects of the West Kingdom","296152","The West Kingdom Tomesaga","False"
"236457","Architects of the West Kingdom","454506","West Kingdom Trilogy: Promo Pack 2","False"
"287680","Ark: Awakening","417963","Ark Awakening: Sealed Section","False"
"257499","Arkham Horror (Third Edition)","266156","Arkham Horror (Third Edition): Arkham Nights 2018 Promotional Character Card Set","False"
"257499","Arkham Horror (Third Edition)","325625","Arkham Horror (Third Edition): Recursive Echoes","False"
"205637","Arkham Horror: The Card Game","327293","Arkham Horror: The Card Game – A Light in the Fog: Mythos Pack","False"
"205637","Arkham Horror: The Card Game","235542","Arkham Horror: The Card Game – A Phantom of Truth: Mythos Pack","False"
"205637","Arkham Horror: The Card Game","288607","Arkham Horror: The Card Game – A Thousand Shapes of Horror: Mythos Pack","False"
"205637","Arkham Horror: The Card Game","317014","Arkham Horror: The Card Game – All or Nothing: Challenge Scenario","False"
"205637","Arkham Horror: The Card Game","432297","Arkham Horror: The Card Game – Aura of Faith: Parallel Investigator","False"
"205637","Arkham Horror: The Card Game","326045","Arkham Horror: The Card Game – Bad Blood: Challenge Scenario","False"
"205637","Arkham Horror: The Card Game","276291","Arkham Horror: The Card Game – Before the Black Throne: Mythos Pack","False"
"205637","Arkham Horror: The Card Game","316188","Arkham Horror: The Card Game – Beta Card from Gen Con Online 2020","False"
"205637","Arkham Horror: The Card Game","238530","Arkham Horror: The Card Game – Beta Cards from Arkham Night 2017","False"
"205637","Arkham Horror: The Card Game","275585","Arkham Horror: The Card Game – Beta Cards from Arkham Night 2018","False"
"205637","Arkham Horror: The Card Game","301760","Arkham Horror: The Card Game – Beta Cards from Arkham Night 2019","False"
"205637","Arkham Horror: The Card Game","348234","Arkham Horror: The Card Game – Beta Cards from Arkham Night 2020","False"
"205637","Arkham Horror: The Card Game","239330","Arkham Horror: The Card Game – Black Stars Rise: Mythos Pack","False"
"205637","Arkham Horror: The Card Game","340953","Arkham Horror: The Card Game – By the Book: Challenge Scenario","False"
"205637","Arkham Horror: The Card Game","215510","Arkham Horror: The Card Game – Carnevale of Horrors: Scenario Pack","False"
"205637","Arkham Horror: The Card Game","247404","Arkham Horror: The Card Game – Carolyn Fern Promo Cards","False"
"205637","Arkham Horror: The Card Game","209728","Arkham Horror: The Card Game – Curse of the Rougarou: Scenario Pack","False"
"205637","Arkham Horror: The Card Game","291559","Arkham Horror: The Card Game – Dark Side of the Moon: Mythos Pack","False"
"205637","Arkham Horror: The Card Game","318023","Arkham Horror: The Card Game – Devil Reef: Mythos Pack","False"
"205637","Arkham Horror: The Card Game","298128","Arkham Horror: The Card Game – Dexter Drake Promo Cards","False"
"205637","Arkham Horror: The Card Game","242088","Arkham Horror: The Card Game – Dim Carcosa: Mythos Pack","False"
"205637","Arkham Horror: The Card Game","228778","Arkham Horror: The Card Game – Echoes of the Past: Mythos Pack","False"
"205637","Arkham Horror: The Card Game","448054","Arkham Horror: The Card Game – Film Fatale: Scenario Pack","False"
"205637","Arkham Horror: The Card Game","267974","Arkham Horror: The Card Game – For the Greater Good: Mythos Pack","False"
"205637","Arkham Horror: The Card Game","372720","Arkham Horror: The Card Game – Fortune and Folly: Scenario Pack","False"
"205637","Arkham Horror: The Card Game","318833","Arkham Horror: The Card Game – Gloria Goldberg Promo Cards","False"
"205637","Arkham Horror: The Card Game","252899","Arkham Horror: The Card Game – Guardians of the Abyss: Scenario Pack","False"
"205637","Arkham Horror: The Card Game","305512","Arkham Horror: The Card Game – Harvey Walters: Investigator Starter Deck","False"
"205637","Arkham Horror: The Card Game","251733","Arkham Horror: The Card Game – Heart of the Elders: Mythos Pack","False"
"205637","Arkham Horror: The Card Game","324765","Arkham Horror: The Card Game – Horror in High Gear: Mythos Pack","False"
"205637","Arkham Horror: The Card Game","420615","Arkham Horror: The Card Game – Hunting for Answers: Parallel Investigator","False"
"205637","Arkham Horror: The Card Game","272752","Arkham Horror: The Card Game – In The Clutches of Chaos: Mythos Pack","False"
"205637","Arkham Horror: The Card Game","318022","Arkham Horror: The Card Game – In Too Deep: Mythos Pack","False"
"205637","Arkham Horror: The Card Game","328627","Arkham Horror: The Card Game – Into the Maelstrom: Mythos Pack","False"
"205637","Arkham Horror: The Card Game","305517","Arkham Horror: The Card Game – Jacqueline Fine: Investigator Starter Deck","False"
"205637","Arkham Horror: The Card Game","237424","Arkham Horror: The Card Game – Jenny Barnes Promo Cards","False"
"205637","Arkham Horror: The Card Game","405995","Arkham Horror: The Card Game – Laid to Rest: Challenge Scenario","False"
"205637","Arkham Horror: The Card Game","347147","Arkham Horror: The Card Game – Machinations Through Time: Scenario Pack","False"
"205637","Arkham Horror: The Card Game","226690","Arkham Horror: The Card Game – Marie Lambeau Promo Cards","False"
"205637","Arkham Horror: The Card Game","284354","Arkham Horror: The Card Game – Murder at the Excelsior Hotel: Scenario Pack","False"
"205637","Arkham Horror: The Card Game","305509","Arkham Horror: The Card Game – Nathaniel Cho: Investigator Starter Deck","False"
"205637","Arkham Horror: The Card Game","241622","Arkham Horror: The Card Game – Norman Withers Promo Cards","False"
"205637","Arkham Horror: The Card Game","397102","Arkham Horror: The Card Game – On the Road Again: Parallel Investigator","False"
"205637","Arkham Horror: The Card Game","394077","Arkham Horror: The Card Game – Out of the Void Investigator Pack","False"
"205637","Arkham Horror: The Card Game","405996","Arkham Horror: The Card Game – Path of the Righteous: Parallel Investigator","False"
"205637","Arkham Horror: The Card Game","439466","Arkham Horror: The Card Game – Pistols and Pearls: Parallel Investigator","False"
"205637","Arkham Horror: The Card Game","293271","Arkham Horror: The Card Game – Point of No Return: Mythos Pack","False"
"205637","Arkham Horror: The Card Game","309374","Arkham Horror: The Card Game – Read or Die: Challenge Scenario","False"
"205637","Arkham Horror: The Card Game","354504","Arkham Horror: The Card Game – Red Tide Rising: Challenge Scenario","False"
"205637","Arkham Horror: The Card Game","415432","Arkham Horror: The Card Game – Relics of the Past: Challenge Scenario","False"
"205637","Arkham Horror: The Card Game","333025","Arkham Horror: The Card Game – Return to the Circle Undone","False"
"205637","Arkham Horror: The Card Game","260311","Arkham Horror: The Card Game – Return to the Dunwich Legacy","False"
"205637","Arkham Horror: The Card Game","302213","Arkham Horror: The Card Game – Return to the Forgotten Age","False"
"205637","Arkham Horror: The Card Game","244145","Arkham Horror: The Card Game – Return to the Night of the Zealot","False"
"205637","Arkham Horror: The Card Game","279196","Arkham Horror: The Card Game – Return to the Path to Carcosa","False"
"205637","Arkham Horror: The Card Game","247331","Arkham Horror: The Card Game – Roland Banks Promo Cards","False"
"205637","Arkham Horror: The Card Game","257240","Arkham Horror: The Card Game – Shattered Aeons: Mythos Pack","False"
"205637","Arkham Horror: The Card Game","248199","Arkham Horror: The Card Game – Silas Marsh Promo Cards","False"
"205637","Arkham Horror: The Card Game","305518","Arkham Horror: The Card Game – Stella Clark: Investigator Starter Deck","False"
"205637","Arkham Horror: The Card Game","405997","Arkham Horror: The Card Game – The Blob That Ate Everything ELSE!","False"
"205637","Arkham Horror: The Card Game","280714","Arkham Horror: The Card Game – The Blob That Ate Everything: Scenario Pack","False"
"205637","Arkham Horror: The Card Game","249772","Arkham Horror: The Card Game – The Boundary Beyond: Mythos Pack","False"
"205637","Arkham Horror: The Card Game","382510","Arkham Horror: The Card Game – The Circle Undone: Campaign Expansion","False"
"205637","Arkham Horror: The Card Game","382509","Arkham Horror: The Card Game – The Circle Undone: Investigator Expansion","False"
"205637","Arkham Horror: The Card Game","254122","Arkham Horror: The Card Game – The City of Archives: Mythos Pack","False"
"205637","Arkham Horror: The Card Game","255900","Arkham Horror: The Card Game – The Depths of Yoth: Mythos Pack","False"
"205637","Arkham Horror: The Card Game","414602","Arkham Horror: The Card Game – The Dream-Eaters: Campaign Expansion","False"
"205637","Arkham Horror: The Card Game","281541","Arkham Horror: The Card Game – The Dream-Eaters: Expansion","False"
"205637","Arkham Horror: The Card Game","414695","Arkham Horror: The Card Game – The Dream-Eaters: Investigator Expansion","False"
"205637","Arkham Horror: The Card Game","428879","Arkham Horror: The Card Game – The Drowned City: Campaign Expansion","False"
"205637","Arkham Horror: The Card Game","428880","Arkham Horror: The Card Game – The Drowned City: Investigator Expansion","False"
"205637","Arkham Horror: The Card Game","347149","Arkham Horror: The Card Game – The Dunwich Legacy: Campaign Expansion","False"
"205637","Arkham Horror: The Card Game","347148","Arkham Horror: The Card Game – The Dunwich Legacy: Investigator Expansion","False"
"205637","Arkham Horror: The Card Game","252896","Arkham Horror: The Card Game – The Eternal Slumber: Scenario Pack","False"
"205637","Arkham Horror: The Card Game","398893","Arkham Horror: The Card Game – The Feast of Hemlock Vale: Campaign Expansion","False"
"205637","Arkham Horror: The Card Game","398891","Arkham Horror: The Card Game – The Feast of Hemlock Vale: Investigator Expansion","False"
"205637","Arkham Horror: The Card Game","377055","Arkham Horror: The Card Game – The Forgotten Age: Campaign Expansion","False"
"205637","Arkham Horror: The Card Game","377056","Arkham Horror: The Card Game – The Forgotten Age: Investigator Expansion","False"
"205637","Arkham Horror: The Card Game","429274","Arkham Horror: The Card Game – The Innsmouth Conspiracy: Campaign Expansion","False"
"205637","Arkham Horror: The Card Game","308592","Arkham Horror: The Card Game – The Innsmouth Conspiracy: Expansion","False"
"205637","Arkham Horror: The Card Game","428491","Arkham Horror: The Card Game – The Innsmouth Conspiracy: Investigator Expansion","False"
"205637","Arkham Horror: The Card Game","233977","Arkham Horror: The Card Game – The Labyrinths of Lunacy: Scenario Pack","False"
"205637","Arkham Horror: The Card Game","327294","Arkham Horror: The Card Game – The Lair of Dagon: Mythos Pack","False"
"205637","Arkham Horror: The Card Game","424487","Arkham Horror: The Card Game – The Midwinter Gala: Scenario Pack","False"
"205637","Arkham Horror: The Card Game","252897","Arkham Horror: The Card Game – The Night's Usurper: Scenario Pack","False"
"205637","Arkham Horror: The Card Game","237234","Arkham Horror: The Card Game – The Pallid Mask: Mythos Pack","False"
"205637","Arkham Horror: The Card Game","358212","Arkham Horror: The Card Game – The Path to Carcosa: Campaign Expansion","False"
"205637","Arkham Horror: The Card Game","225563","Arkham Horror: The Card Game – The Path to Carcosa: Expansion","False"
"205637","Arkham Horror: The Card Game","358213","Arkham Horror: The Card Game – The Path to Carcosa: Investigator Expansion","False"
"205637","Arkham Horror: The Card Game","366215","Arkham Horror: The Card Game – The Scarlet Keys: Campaign Expansion","False"
"205637","Arkham Horror: The Card Game","366213","Arkham Horror: The Card Game – The Scarlet Keys: Investigator Expansion","False"
"205637","Arkham Horror: The Card Game","286257","Arkham Horror: The Card Game – The Search for Kadath: Mythos Pack","False"
"205637","Arkham Horror: The Card Game","264459","Arkham Horror: The Card Game – The Secret Name: Mythos Pack","False"
"205637","Arkham Horror: The Card Game","230510","Arkham Horror: The Card Game – The Unspeakable Oath: Mythos Pack","False"
"205637","Arkham Horror: The Card Game","266377","Arkham Horror: The Card Game – The Wages of Sin: Mythos Pack","False"
"205637","Arkham Horror: The Card Game","247718","Arkham Horror: The Card Game – Threads of Fate: Mythos Pack","False"
"205637","Arkham Horror: The Card Game","271056","Arkham Horror: The Card Game – Union and Disillusion: Mythos Pack","False"
"205637","Arkham Horror: The Card Game","321101","Arkham Horror: The Card Game – War of the Outer Gods: Scenario Pack","False"
"205637","Arkham Horror: The Card Game","297471","Arkham Horror: The Card Game – Weaver of the Cosmos: Mythos Pack","False"
"205637","Arkham Horror: The Card Game","297200","Arkham Horror: The Card Game – Where the Gods Dwell: Mythos Pack","False"
"205637","Arkham Horror: The Card Game","305513","Arkham Horror: The Card Game – Winifred Habbamock: Investigator Starter Deck","False"
"205637","Arkham Horror: The Card Game","295594","Barkham Horror: The Card Game – The Meddling of Meowlathotep: Scenario Pack","False"
"248490","Atlantis Rising (Second Edition)","295017","Atlantis Rising (Second Edition): Extended Difficulty Mini-Expansion","False"
"248490","Atlantis Rising (Second Edition)","307302","Atlantis Rising: Medusa Unleashed","False"
"248490","Atlantis Rising (Second Edition)","392705","Atlantis Rising: Monstrosities – Here There Be Monsters","False"
"248490","Atlantis Rising (Second Edition)","326889","Atlantis Rising: Orator","False"
"231581","AuZtralia","358148","AuZtralia Big Z Box","False"
"231581","AuZtralia","357878","AuZtralia: Promo Packet 1","False"
"231581","AuZtralia","313047","AuZtralia: Revenge of the Old Ones","False"
"231581","AuZtralia","320110","AuZtralia: TaZmania","False"
"230802","Azul","294345","Azul: Crystal Mosaic","False"
"230802","Azul","235739","Azul: Joker Tiles","False"
"230802","Azul","466334","Azul: Promo Collection 1","False"
"230802","Azul","264017","Azul: Special Factories Promo","False"
"230802","Azul","257590","Deutscher Spielepreis 2018 Goodie Box","False"
"230802","Azul","293240","Super Power","False"
"143741","BANG! The Dice Game","193614","BANG! The Dice Game: Old Saloon","False"
"143741","BANG! The Dice Game","283717","BANG! The Dice Game: Undead or Alive","False"
"37111","Battlestar Galactica: The Board Game","141648","Battlestar Galactica: The Board Game – Daybreak Expansion","False"
"37111","Battlestar Galactica: The Board Game","85905","Battlestar Galactica: The Board Game – Exodus Expansion","False"
"37111","Battlestar Galactica: The Board Game","43539","Battlestar Galactica: The Board Game – Pegasus Expansion","False"
"317985","Beyond the Sun","378291","Beyond the Sun: Leaders of the New Dawn","False"
"317985","Beyond the Sun","337306","Beyond the Sun: Sagittarius A and Beta Colony Promo Cards","False"
"347521","Blitzkrieg!: World War Two in 20 Minutes (Second Edition)","369831","Blitzkrieg!: Decryption Promo Tile","False"
"822","Carcassonne","167903","20 Jahre Darmstadt Spielt","False"
"822","Carcassonne","318408","Die Bettler (fan-erweiterung für Carcassonne)","False"
"822","Carcassonne","447763","The Black Rider","False"
"822","Carcassonne","291518","Carcassonne Maps: Chips","False"
"822","Carcassonne","276673","Carcassonne Maps: Deutschland","False"
"822","Carcassonne","388042","Carcassonne Maps: Nordics","False"
"822","Carcassonne","291516","Carcassonne Maps: Península Ibérica","False"
"822","Carcassonne","349185","Carcassonne Maps: Taiwan","False"
"822","Carcassonne","372322","Carcassonne Maps: Ukraine","False"
"822","Carcassonne","322457","Carcassonne Maps: USA East","False"
"822","Carcassonne","322458","Carcassonne Maps: USA West","False"
"822","Carcassonne","400565","Carcassonne: 3D Starting Landscape","False"
"822","Carcassonne","433231","Carcassonne: 4 Seasons – The Autumn","False"
"822","Carcassonne","420726","Carcassonne: 4 Seasons – The Spring","False"
"822","Carcassonne","442633","Carcassonne: 4 Seasons – The Summer","False"
"822","Carcassonne","31784","Carcassonne: Abbey & Mayor","False"
"822","Carcassonne","167744","Carcassonne: Bonusplättchen Spiel 2014","False"
"822","Carcassonne","186143","Carcassonne: Bonusplättchen Spiel 2015","False"
"822","Carcassonne","210799","Carcassonne: Bonusplättchen Spiel 2016","False"
"822","Carcassonne","238416","Carcassonne: Bonusplättchen Spiel 2017","False"
"822","Carcassonne","263941","Carcassonne: Bonusplättchen Spiel 2018","False"
"822","Carcassonne","292749","Carcassonne: Bonusplättchen Spiel 2019","False"
"822","Carcassonne","321496","Carcassonne: Bonusplättchen Spiel 2020","False"
"822","Carcassonne","349121","Carcassonne: Bonusplättchen Spiel 2021","False"
"822","Carcassonne","372334","Carcassonne: Bonusplättchen Spiel 2022","False"
"822","Carcassonne","402965","Carcassonne: Bonusplättchen Spiel 2023","False"
"822","Carcassonne","430140","Carcassonne: Bonusplättchen Spiel 2024","False"
"822","Carcassonne","456854","Carcassonne: Bonusplättchen Spiel 2025","False"
"822","Carcassonne","458734","Carcassonne: Castles & Bridges","False"
"822","Carcassonne","175653","Carcassonne: Castles in Germany","False"
"822","Carcassonne","38855","Carcassonne: Catapult","False"
"822","Carcassonne","217006","Carcassonne: Circus & Artists","False"
"822","Carcassonne","120686","Carcassonne: Corn Circles II","False"
"822","Carcassonne","35666","Carcassonne: Cult, Siege & Creativity","False"
"822","Carcassonne","232336","Carcassonne: CutCassonne","False"
"822","Carcassonne","168121","Carcassonne: Darmstadt","False"
"822","Carcassonne","195771","Carcassonne: Das Labyrinth","False"
"822","Carcassonne","59065","Carcassonne: Der Tunnel","False"
"822","Carcassonne","166518","Carcassonne: Die Belagerer","False"
"822","Carcassonne","13300","Carcassonne: Die Katharer","False"
"822","Carcassonne","67055","Carcassonne: Die Kornkreise","False"
"822","Carcassonne","199988","Carcassonne: Die Wahrsagerin","False"
"822","Carcassonne","131676","Carcassonne: Die Windrosen","False"
"822","Carcassonne","15158","Carcassonne: Dragon & Fairy","False"
"822","Carcassonne","184578","Carcassonne: Easter in Carcassonne","False"
"822","Carcassonne","33458","Carcassonne: Expansion 6 – Count, King & Robber","False"
"822","Carcassonne","66646","Carcassonne: Expansion 8 – Bridges, Castles and Bazaars","False"
"822","Carcassonne","196080","Carcassonne: German Cathedrals","False"
"822","Carcassonne","26615","Carcassonne: GQ Promo Tiles","False"
"822","Carcassonne","309267","Carcassonne: Halb so Wild","False"
"822","Carcassonne","166052","Carcassonne: Halb so wild I","False"
"822","Carcassonne","169392","Carcassonne: Halb so wild II","False"
"822","Carcassonne","2993","Carcassonne: Inns & Cathedrals","False"
"822","Carcassonne","455826","Carcassonne: Jousts & Crests","False"
"822","Carcassonne","373289","Carcassonne: Karácsonyi ajándék","False"
"822","Carcassonne","7707","Carcassonne: King & Scout","False"
"822","Carcassonne","158041","Carcassonne: Klöster in Deutschland","False"
"822","Carcassonne","24506","Carcassonne: Kreivi ja Kuningas","False"
"822","Carcassonne","72295","Carcassonne: La Porxada","False"
"822","Carcassonne","130998","Carcassonne: Little Buildings","False"
"822","Carcassonne","118618","Carcassonne: Mage & Witch","False"
"822","Carcassonne","291514","Carcassonne: Maps – Benelux","False"
"822","Carcassonne","291512","Carcassonne: Maps – France","False"
"822","Carcassonne","291515","Carcassonne: Maps – Great Britain","False"
"822","Carcassonne","435141","Carcassonne: Medina Azahara","False"
"822","Carcassonne","458641","Carcassonne: Messengers & Mayors","False"
"822","Carcassonne","414486","Carcassonne: Mini-Bundle I","False"
"822","Carcassonne","215144","Каркассон: Соловей-Разбойник и Водяной (Carcassonne: Nightingale the Robber and the Water Spirit)","False"
"822","Carcassonne","215210","Carcassonne: Nikolaus-Zählleiste","False"
"822","Carcassonne","367759","Carcassonne: Promo Carcassonne Spain 2022","False"
"822","Carcassonne","153773","Carcassonne: Sheep & Shepherds","False"
"822","Carcassonne","451659","Carcassonne: Siege & Defense","False"
"822","Carcassonne","420727","Carcassonne: Snakes and Ladders","False"
"822","Carcassonne","260589","Carcassonne: Spiel Doch Mini Expansion","False"
"822","Carcassonne","331479","Carcassonne: Spiel Doch! Expansion","False"
"822","Carcassonne","186144","Carcassonne: Starttableau","False"
"822","Carcassonne","456446","Carcassonne: The Abbot","False"
"822","Carcassonne","262563","Carcassonne: The Barber-Surgeons","False"
"822","Carcassonne","372858","Carcassonne: The Bets","False"
"822","Carcassonne","179919","Carcassonne: The City Gates","False"
"822","Carcassonne","12903","Carcassonne: The Count of Carcassonne","False"
"822","Carcassonne","38431","Carcassonne: The Cult","False"
"822","Carcassonne","406740","Carcassonne: The Drawbridges","False"
"822","Carcassonne","118614","Carcassonne: The Ferries","False"
"822","Carcassonne","123905","Carcassonne: The Festival","False"
"822","Carcassonne","118615","Carcassonne: The Flying Machines","False"
"822","Carcassonne","469558","Carcassonne: The Four Seasons – The Winter","False"
"822","Carcassonne","248979","Carcassonne: The Fruit-Bearing Trees","False"
"822","Carcassonne","349162","Carcassonne: The Gifts","False"
"822","Carcassonne","118617","Carcassonne: The Gold Mines","False"
"822","Carcassonne","308636","Carcassonne: The Land Surveyors","False"
"822","Carcassonne","235057","Carcassonne: The Markets of Leipzig","False"
"822","Carcassonne","118619","Carcassonne: The Messengers","False"
"822","Carcassonne","324940","Carcassonne: The Peasant Revolts","False"
"822","Carcassonne","92332","Carcassonne: The Phantom","False"
"822","Carcassonne","85003","Carcassonne: The Plague","False"
"822","Carcassonne","2591","Carcassonne: The River","False"
"822","Carcassonne","18836","Carcassonne: The River II","False"
"822","Carcassonne","118616","Carcassonne: The Robbers","False"
"822","Carcassonne","104634","Carcassonne: The School","False"
"822","Carcassonne","352169","Carcassonne: The Signposts","False"
"822","Carcassonne","291517","Carcassonne: The Tollkeepers","False"
"822","Carcassonne","211023","Carcassonne: The Watchtowers","False"
"822","Carcassonne","400738","Carcassonne: The Wonders of Humanity","False"
"822","Carcassonne","428459","Carcassonne: The Wonders of Humanity Set II","False"
"822","Carcassonne","459193","Carcassonne: The Wonders of Humanity Set III","False"
"822","Carcassonne","21385","Carcassonne: Towers & Thieves","False"
"822","Carcassonne","5405","Carcassonne: Traders & Builders","False"
"822","Carcassonne","372336","Carcassonne: Ukraine Promo Tile","False"
"822","Carcassonne","317976","Fischerhütte (fan-erweiterung für Carcassonne)","False"
"822","Carcassonne","317988","Holzfäller & Müller (fan-erweiterung für Carcassonne)","False"
"822","Carcassonne","457233","The Journey to Carcassonne","False"
"822","Carcassonne","318419","Landschaftskarten die Dritte (fan-erweiterung für Carcassonne)","False"
"822","Carcassonne","401313","Mists over Carcassonne: The Spell Circles","False"
"822","Carcassonne","318418","Nochmal neue Landschaftskarten (fan-erweiterung für Carcassonne)","False"
"822","Carcassonne","331478","Spielbox-Almanach 25 Jahre Hans im Glück Beilage","False"
"822","Carcassonne","318412","Truppenaufmarsch (fan-erweiterung für Carcassonne)","False"
"822","Carcassonne","318386","Wald (fan-erweiterung für Carcassonne)","False"
"822","Carcassonne","319124","Die Wälder von Carcassonne V2 (fan-erweiterung für Carcassonne)","False"
"822","Carcassonne","317977","Weg durch die Stadt (fan-erweiterung für Carcassonne)","False"
"822","Carcassonne","160096","Каркассон: Дворяне и Башни","False"
"822","Carcassonne","211659","Каркассон: Наука и магия","False"
"822","Carcassonne","160095","Каркассон: Предместья и обитатели","False"
"822","Carcassonne","177728","Каркассон: тайл Избушка","False"
"333372","Cellulose: A Plant Cell Biology Game","368087","Cellulose: A Plant Cell Biology Game – Coconut Scenario","False"
"333372","Cellulose: A Plant Cell Biology Game","367852","Cellulose: A Plant Cell Biology Game – Scenario Pack I","False"
"170223","Centauri Saga","225321","Centauri Saga: Abandoned","False"
"170223","Centauri Saga","235615","Centauri Saga: Arena","False"
"170223","Centauri Saga","225322","Centauri Saga: Special Ops","False"
"232832","Century: Golem Edition","311200","Century: Golem Edition – Bonus Cards 1","False"
"232832","Century: Golem Edition","311201","Century: Golem Edition – Bonus Cards 2","False"
"209685","Century: Spice Road","382317","Century: Golden Deals","False"
"209685","Century: Spice Road","233621","Century: Spice Road – Bonus Cards","False"
"209685","Century: Spice Road","263751","Century: Spice Road – Bonus Cards 2","False"
"172287","Champions of Midgard","262004","Champions of Midgard: Asian Monsters","False"
"172287","Champions of Midgard","253733","Champions of Midgard: Bjorn Hammerblow the Fantastic promo","False"
"172287","Champions of Midgard","208305","Champions of Midgard: Despised Promo Card","False"
"172287","Champions of Midgard","237962","Champions of Midgard: Draudan and Bergrisar King Promo Cards","False"
"172287","Champions of Midgard","255258","Champions of Midgard: Gullinkambi Public Boat Promo","False"
"172287","Champions of Midgard","294542","Champions of Midgard: Illr Mia Monster Promo Card","False"
"172287","Champions of Midgard","234213","Champions of Midgard: Jalev the Adaptable Promo","False"
"172287","Champions of Midgard","245646","Champions of Midgard: Jarl Edition","False"
"172287","Champions of Midgard","264718","Champions of Midgard: Meeple Monster Promo Card","False"
"172287","Champions of Midgard","255259","Champions of Midgard: Mercenaries Land Journey Promo Card","False"
"172287","Champions of Midgard","255261","Champions of Midgard: Merchant Ship Promo Cards","False"
"172287","Champions of Midgard","203464","Champions of Midgard: Odin's Trial Promo Card","False"
"172287","Champions of Midgard","357337","Champions of Midgard: Polyhedral Dice Promo Tiles","False"
"172287","Champions of Midgard","207105","Champions of Midgard: SeeZam Promo Card","False"
"172287","Champions of Midgard","255260","Champions of Midgard: Shipwreck Journey Promo Cards","False"
"172287","Champions of Midgard","453582","Champions of Midgard: Solo Mode","False"
"172287","Champions of Midgard","219787","Champions of Midgard: The Dark Mountains","False"
"172287","Champions of Midgard","376919","Champions of Midgard: Tower Troll Promo Card","False"
"172287","Champions of Midgard","219788","Champions of Midgard: Valhalla","False"
"172287","Champions of Midgard","326886","Champions of Midgard: Valhalla – Dark Vordr Promo Card","False"
"172287","Champions of Midgard","290345","Champions of Midgard: Valhalla – Kes Bakyr","False"
"172287","Champions of Midgard","263674","Champions of Midgard: Valhalla – Sikling Promo Pack","False"
"172287","Champions of Midgard","194794","Champions of Midgard: Virtue Promo Card","False"
"172287","Champions of Midgard","344719","Чемпионы Мидгарда. Вальхалла и Тёмные горы","False"
"329226","Circadians: Chaos Order","373061","Circadians: Chaos Order – Harbingers Expansion","False"
"264052","Circadians: First Light","268913","Circadians: First Light – Allies Expansion","False"
"264052","Circadians: First Light","368403","Circadians: First Light – Specialists Expansion","False"
"214887","CO₂: Second Chance","270310","CO₂: Second Chance – Limited Pack Expansion and Upgrade","False"
"178900","Codenames","256951","Brettspiel Adventskalender 2018","False"
"178900","Codenames","421137","Codenames: 10 jarig Jubileum bonus set 2020 NL","False"
"178900","Codenames","213294","Codenames: Authors & Games","False"
"178900","Codenames","224198","Codenames: Bonus Pack – Board Gaming (English)","False"
"178900","Codenames","221824","Codenames: Bonus Pack – Board Gaming (German)","False"
"178900","Codenames","215603","Codenames: Bonus Pack – CGE Games","False"
"178900","Codenames","295466","Codenames: Bonus Pack – Literatur","False"
"178900","Codenames","387517","Codenames: Bonus Pack – Schweiz","False"
"178900","Codenames","293928","Codenames: Bonus Pack – Through the Ages","False"
"178900","Codenames","367802","Codenames: Bonus Pack – Webhallen","False"
"178900","Codenames","225039","Codenames: Bonuskaarten 2016","False"
"178900","Codenames","262581","Codenames: Bonuskaarten 2018","False"
"178900","Codenames","319890","Codenames: Bonuskaarten 2019","False"
"178900","Codenames","319891","Codenames: Bonuskaarten 2020","False"
"178900","Codenames","448679","Codenames: Brazil Promotional Expansion","False"
"178900","Codenames","234198","Codenames: Cartes promo – Personnalités","False"
"178900","Codenames","264856","Codenames: Cartes promo – Univers Geek","False"
"178900","Codenames","464602","Codenames: Fairy Tales Expansion Pack","False"
"178900","Codenames","227990","Codenames: Mini-Erweiterung – Weihnachten","False"
"178900","Codenames","464604","Codenames: Sci-Fi Expansion Pack","False"
"178900","Codenames","363088","Código Secreto: Expansão promocional Brasil","False"
"178900","Codenames","363092","Código Secreto: Expansão promocional Portugal","False"
"178900","Codenames","350213","Código Secreto: Expansión promocional Américas","False"
"178900","Codenames","292037","Código secreto: Expansión promocional Andalucía","False"
"178900","Codenames","342140","Código Secreto: Expansión promocional Argentina","False"
"178900","Codenames","318899","Código Secreto: Expansión promocional Chile","False"
"178900","Codenames","316876","Código Secreto: Expansión Promocional México","False"
"178900","Codenames","205611","Deutscher Spielepreis 2016 Goodie Box","False"
"178900","Codenames","240994","Fedőnevek: Magyar bónusz csomag","False"
"178900","Codenames","428507","Krycí jména: Bonusové karty – 10 let MINDOK","False"
"178900","Codenames","353668","Nome in Codice: Carte Bonus Comics and Games 2016","False"
"178900","Codenames","310511","Nome in Codice: Carte Bonus da Torneo","False"
"178900","Codenames","347651","Tajniacy: Agenci na kwarantannie","False"
"178900","Codenames","307032","Tajniacy: Fantastyczne Światy","False"
"178900","Codenames","234643","Tajniacy: Nowi Agenci","False"
"178900","Codenames","253443","Tajniacy: Obcy Agenci","False"
"178900","Codenames","234644","Tajniacy: Sami Nieswoi","False"
"178900","Codenames","377424","コードネーム　ボーナスパック　COOL JAPAN (Codenames: Bonus Pack – COOL JAPAN)","False"
"178900","Codenames","377425","コードネーム　ボーナスパック　JAPAN2020 (Codenames: Bonus Pack 2 – Japan 2020)","False"
"178900","Codenames","461847","코드네임: 미니획장1 – 합성어 동물 (Codenames: Mini-Expansion 1 – Compound Animals","False"
"283095","Cosmic Colonies","312963","Cosmic Colonies: Monumental Achievement Expansion","False"
"39463","Cosmic Encounter","380413","Cosmic Encounter: 8-player Combo Cards","False"
"39463","Cosmic Encounter","288318","Cosmic Encounter: Booster Promo Alien","False"
"39463","Cosmic Encounter","360372","Cosmic Encounter: Cosmic Odyssey","False"
"39463","Cosmic Encounter","367549","Cosmic Encounter: Demon Promo Alien","False"
"131357","Coup","374732","Coup: Bureaucrat Promo Card","False"
"131357","Coup","186356","Coup: Inquisition","False"
"131357","Coup","178527","Coup: Inquisitor Promo Card","False"
"131357","Coup","186524","Coup: Jester Promo Card","False"
"131357","Coup","148931","Coup: Reformation","False"
"131357","Coup","217578","Coup: Socialist","False"
"131357","Coup","186532","Coup: Speculator Promo","False"
"139976","Cthulhu Wars","234953","Cthulhu Wars: 6-8 Player Map Pack","False"
"139976","Cthulhu Wars","240259","Cthulhu Wars: Ancients","False"
"139976","Cthulhu Wars","238466","Cthulhu Wars: Astral Acolyte","False"
"139976","Cthulhu Wars","145034","Cthulhu Wars: Azathoth Expansion","False"
"139976","Cthulhu Wars","240263","Cthulhu Wars: Beyond Time and Space","False"
"139976","Cthulhu Wars","240755","Cthulhu Wars: Brown Jenkin","False"
"139976","Cthulhu Wars","278779","Cthulhu Wars: Bubastis","False"
"139976","Cthulhu Wars","414632","Cthulhu Wars: Buffthulhu","False"
"139976","Cthulhu Wars","240706","Cthulhu Wars: Cacodemon","False"
"139976","Cthulhu Wars","211166","Cthulhu Wars: Colour Out of Space Gate Pack","False"
"139976","Cthulhu Wars","198226","Cthulhu Wars: Cosmic Terrors Pack","False"
"139976","Cthulhu Wars","278645","Cthulhu Wars: Daemon Sultan","False"
"139976","Cthulhu Wars","240707","Cthulhu Wars: Dire Azathoth","False"
"139976","Cthulhu Wars","240754","Cthulhu Wars: Dire Cthulhu","False"
"139976","Cthulhu Wars","145038","Cthulhu Wars: Dreamlands Map Expansion","False"
"139976","Cthulhu Wars","278777","Cthulhu Wars: Giant Blind Albino Penguin","False"
"139976","Cthulhu Wars","312566","Cthulhu Wars: Glow in the Dark Cthulhu","False"
"139976","Cthulhu Wars","243182","Cthulhu Wars: Glow in the Dark Independent Great Old Ones","False"
"139976","Cthulhu Wars","198223","Cthulhu Wars: Great Old One Pack Four","False"
"139976","Cthulhu Wars","192088","Cthulhu Wars: Great Old One Pack One","False"
"139976","Cthulhu Wars","148815","Cthulhu Wars: Great Old One Pack Three","False"
"139976","Cthulhu Wars","192131","Cthulhu Wars: Great Old One Pack Two","False"
"139976","Cthulhu Wars","185335","Cthulhu Wars: Hound of Tindalos","False"
"139976","Cthulhu Wars","279899","Cthulhu Wars: Investigators","False"
"139976","Cthulhu Wars","198210","Cthulhu Wars: Library at Celaeno Map","False"
"139976","Cthulhu Wars","240264","Cthulhu Wars: Masks of Nyarlathotep","False"
"139976","Cthulhu Wars","400140","Cthulhu Wars: Nine to Eleven Player Earth Map","False"
"139976","Cthulhu Wars","240708","Cthulhu Wars: Nodens","False"
"139976","Cthulhu Wars","240258","Cthulhu Wars: Onslaught 3 Stretch Goal Box","False"
"139976","Cthulhu Wars","145036","Cthulhu Wars: Primeval Earth Map","False"
"139976","Cthulhu Wars","198227","Cthulhu Wars: Ramsey Campbell Horrors Pack 1","False"
"139976","Cthulhu Wars","198228","Cthulhu Wars: Ramsey Campbell Horrors Pack 2","False"
"139976","Cthulhu Wars","240261","Cthulhu Wars: Shaggai Map Expansion","False"
"139976","Cthulhu Wars","227537","Cthulhu Wars: Six to Eight Player Dreamlands Map","False"
"139976","Cthulhu Wars","145039","Cthulhu Wars: Six to Eight Player Earth Map","False"
"139976","Cthulhu Wars","227535","Cthulhu Wars: Six to Eight Player Library at Celaeno Map","False"
"139976","Cthulhu Wars","227536","Cthulhu Wars: Six to Eight Player Primeval Earth Map","False"
"139976","Cthulhu Wars","240262","Cthulhu Wars: Six to Eight Player Shaggai Map","False"
"139976","Cthulhu Wars","227538","Cthulhu Wars: Six to Eight Player Yuggoth Map","False"
"139976","Cthulhu Wars","360077","Cthulhu Wars: Smell like a Monster","False"
"139976","Cthulhu Wars","278778","Cthulhu Wars: Something About Cats","False"
"139976","Cthulhu Wars","198205","Cthulhu Wars: Tcho-Tcho","False"
"139976","Cthulhu Wars","278919","Cthulhu Wars: Tcho-Tcho Tribes","False"
"139976","Cthulhu Wars","145031","Cthulhu Wars: The Dreamlands Surface Monster Pack","False"
"139976","Cthulhu Wars","145030","Cthulhu Wars: The Dreamlands Underworld Monster Pack","False"
"139976","Cthulhu Wars","378664","Cthulhu Wars: The Dunwich Horror","False"
"139976","Cthulhu Wars","357021","Cthulhu Wars: The Eidolon miniature/card","False"
"139976","Cthulhu Wars","312683","Cthulhu Wars: The Elder Shoggoth","False"
"139976","Cthulhu Wars","322303","Cthulhu Wars: The Invasion","False"
"139976","Cthulhu Wars","356416","Cthulhu Wars: The Prophetess","False"
"139976","Cthulhu Wars","145032","Cthulhu Wars: The Sleeper Expansion","False"
"139976","Cthulhu Wars","268803","Cthulhu Wars: Unique High Priests","False"
"139976","Cthulhu Wars","145037","Cthulhu Wars: Yuggoth Map Expansion","False"
"139976","Cthulhu Wars","302501","Cthulhu: The Harbinger","False"
"139976","Cthulhu Wars","309877","Glorantha: The Gods War – Chaos Monsters","False"
"139976","Cthulhu Wars","256215","Glorantha: The Gods War – Cosmic Monsters","False"
"139976","Cthulhu Wars","309876","Glorantha: The Gods War – Dragons","False"
"139976","Cthulhu Wars","256216","Glorantha: The Gods War – Elder Races","False"
"139976","Cthulhu Wars","208007","Glorantha: The Gods War – Empires","False"
"139976","Cthulhu Wars","357043","Hastur Rising","False"
"139976","Cthulhu Wars","248310","Planet Apocalypse: Lady Scylla","False"
"139976","Cthulhu Wars","248312","Planet Apocalypse: Lord Asmod","False"
"139976","Cthulhu Wars","248321","Planet Apocalypse: Lord Great Cthulhu","False"
"139976","Cthulhu Wars","248309","Planet Apocalypse: Lord Jabootu","False"
"139976","Cthulhu Wars","248313","Planet Apocalypse: Lord Procrustes","False"
"139976","Cthulhu Wars","248311","Planet Apocalypse: Lord Pulgasaur","False"
"139976","Cthulhu Wars","248306","Planet Apocalypse: The Dragon Pack","False"
"139976","Cthulhu Wars","248308","Planet Apocalypse: The Pack of the Pit","False"
"139976","Cthulhu Wars","248322","Planet Apocalypse: The Power Pack","False"
"139976","Cthulhu Wars","248304","Planet Apocalypse: The Void Pack","False"
"326485","Cthulhu Wars: Duel","336605","Cthulhu Wars: Duel – Family Reunion","False"
"253344","Cthulhu: Death May Die","434227","Cthulhu: Death May Die – Atlach-Nacha Elder One Box","False"
"253344","Cthulhu: Death May Die","256988","Cthulhu: Death May Die – Black Goat of the Woods","False"
"253344","Cthulhu: Death May Die","330153","Cthulhu: Death May Die – CMON Comics: Vol. 1 Promos","False"
"253344","Cthulhu: Death May Die","376428","Cthulhu: Death May Die – CMON Comics: Vol. 2 Promos","False"
"253344","Cthulhu: Death May Die","411558","Cthulhu: Death May Die – Dark Providence Investigators","False"
"253344","Cthulhu: Death May Die","434955","Cthulhu: Death May Die – Exclusive Insanities","False"
"253344","Cthulhu: Death May Die","435358","Cthulhu: Death May Die – Extra Campaigns","False"
"253344","Cthulhu: Death May Die","374972","Cthulhu: Death May Die – Fear of the Unknown: Animal Allies","False"
"253344","Cthulhu: Death May Die","454854","Cthulhu: Death May Die – Godzilla Rising","False"
"253344","Cthulhu: Death May Die","425623","Cthulhu: Death May Die – Godzilla Vs Cthulhu","False"
"253344","Cthulhu: Death May Die","374971","Cthulhu: Death May Die – Ithaqua the Wind-Walker","False"
"253344","Cthulhu: Death May Die","260936","Cthulhu: Death May Die – R'lyeh Rising","False"
"253344","Cthulhu: Death May Die","372432","Cthulhu: Death May Die – R'lyehian Seizures Promo","False"
"253344","Cthulhu: Death May Die","429775","Cthulhu: Death May Die – Robinson Crusoe Investigator","False"
"253344","Cthulhu: Death May Die","256987","Cthulhu: Death May Die – Scarlett Hayes","False"
"253344","Cthulhu: Death May Die","374590","Cthulhu: Death May Die – Season 4 Expansion","False"
"253344","Cthulhu: Death May Die","434938","Cthulhu: Death May Die – Season 6","False"
"253344","Cthulhu: Death May Die","256986","Cthulhu: Death May Die – Unspeakable Box","False"
"253344","Cthulhu: Death May Die","256985","Cthulhu: Death May Die – Yog–Sothoth","False"
"253344","Cthulhu: Death May Die","372781","Iron Maiden Pack #1","False"
"253344","Cthulhu: Death May Die","372782","Iron Maiden Pack #2","False"
"253344","Cthulhu: Death May Die","372783","Iron Maiden Pack #3","False"
"373600","Cthulhu: Death May Die – Fear of the Unknown","434227","Cthulhu: Death May Die – Atlach-Nacha Elder One Box","False"
"373600","Cthulhu: Death May Die – Fear of the Unknown","256988","Cthulhu: Death May Die – Black Goat of the Woods","False"
"373600","Cthulhu: Death May Die – Fear of the Unknown","375371","Cthulhu: Death May Die – Bonus Relic Cards","False"
"373600","Cthulhu: Death May Die – Fear of the Unknown","330153","Cthulhu: Death May Die – CMON Comics: Vol. 1 Promos","False"
"373600","Cthulhu: Death May Die – Fear of the Unknown","376428","Cthulhu: Death May Die – CMON Comics: Vol. 2 Promos","False"
"373600","Cthulhu: Death May Die – Fear of the Unknown","411558","Cthulhu: Death May Die – Dark Providence Investigators","False"
"373600","Cthulhu: Death May Die – Fear of the Unknown","434955","Cthulhu: Death May Die – Exclusive Insanities","False"
"373600","Cthulhu: Death May Die – Fear of the Unknown","435358","Cthulhu: Death May Die – Extra Campaigns","False"
"373600","Cthulhu: Death May Die – Fear of the Unknown","374972","Cthulhu: Death May Die – Fear of the Unknown: Animal Allies","False"
"373600","Cthulhu: Death May Die – Fear of the Unknown","425689","Cthulhu: Death May Die – Fear of the Unknown: R'lyeh Rising","False"
"373600","Cthulhu: Death May Die – Fear of the Unknown","454854","Cthulhu: Death May Die – Godzilla Rising","False"
"373600","Cthulhu: Death May Die – Fear of the Unknown","425623","Cthulhu: Death May Die – Godzilla Vs Cthulhu","False"
"373600","Cthulhu: Death May Die – Fear of the Unknown","374971","Cthulhu: Death May Die – Ithaqua the Wind-Walker","False"
"373600","Cthulhu: Death May Die – Fear of the Unknown","372432","Cthulhu: Death May Die – R'lyehian Seizures Promo","False"
"373600","Cthulhu: Death May Die – Fear of the Unknown","429775","Cthulhu: Death May Die – Robinson Crusoe Investigator","False"
"373600","Cthulhu: Death May Die – Fear of the Unknown","256987","Cthulhu: Death May Die – Scarlett Hayes","False"
"373600","Cthulhu: Death May Die – Fear of the Unknown","374590","Cthulhu: Death May Die – Season 4 Expansion","False"
"373600","Cthulhu: Death May Die – Fear of the Unknown","434938","Cthulhu: Death May Die – Season 6","False"
"373600","Cthulhu: Death May Die – Fear of the Unknown","375366","Cthulhu: Death May Die – Unknowable Box","False"
"373600","Cthulhu: Death May Die – Fear of the Unknown","256986","Cthulhu: Death May Die – Unspeakable Box","False"
"373600","Cthulhu: Death May Die – Fear of the Unknown","256985","Cthulhu: Death May Die – Yog–Sothoth","False"
"373600","Cthulhu: Death May Die – Fear of the Unknown","372781","Iron Maiden Pack #1","False"
"373600","Cthulhu: Death May Die – Fear of the Unknown","372782","Iron Maiden Pack #2","False"
"373600","Cthulhu: Death May Die – Fear of the Unknown","372783","Iron Maiden Pack #3","False"
"312251","Curious Cargo","325483","Curious Cargo: Pre-Order Promos","False"
"247567","D-Day Dice Pocket","293896","D-Day Dice: Patriots & Smugglers","False"
"376747","Deep Dive","399879","Deep Dive: Wild Food","False"
"183571","Deep Space D-6","228890","Deep Space D-6: The Endless","False"
"194594","Dice Forge","255631","Dice Forge: Chimera","False"
"194594","Dice Forge","319710","Dice Forge: Dice Tower","False"
"194594","Dice Forge","295132","Dice Forge: Harpies","False"
"194594","Dice Forge","255354","Dice Forge: Mother of Monsters","False"
"194594","Dice Forge","276012","Dice Forge: Nymph","False"
"194594","Dice Forge","367228","Dice Forge: Piranha Princesse","False"
"194594","Dice Forge","258003","Dice Forge: Rebellion","False"
"194594","Dice Forge","268363","Dice Forge: Rebellion – Hera Promo Card","False"
"194594","Dice Forge","268362","Dice Forge: Rebellion – The Pegasus Promo Card","False"
"194594","Dice Forge","268365","Dice Forge: Rebellion – The Wheel of Fortune Promo Card","False"
"194594","Dice Forge","276013","Dice Forge: Seagull Magician","False"
"194594","Dice Forge","348813","Dice Forge: The Horn of Plenty promo card","False"
"210296","DinoGenics","430990","Deep Shelf: DinoGenics Crossover Expansion","False"
"210296","DinoGenics","307232","DinoGenics: Breaking News Promo Cards","False"
"210296","DinoGenics","429029","DinoGenics: New Arrivals","False"
"221194","Dinosaur Island","272394","Dinosaur Island:  Dice Tower – Mandi and Suzanne Promo Card","False"
"221194","Dinosaur Island","272395","Dinosaur Island:  Dice Tower – Sam and Zee Promo Card","False"
"221194","Dinosaur Island","272396","Dinosaur Island:  Dice Tower – Tom and Eric Promo Card","False"
"221194","Dinosaur Island","265086","Dinosaur Island: Dice Tower Promo Cards","False"
"221194","Dinosaur Island","266839","Dinosaur Island: Mascot Promo Card","False"
"221194","Dinosaur Island","289938","Dinosaur Island: Space Dinosaur Promo","False"
"318009","Dinosaur Island: Rawr 'n Write","405802","Dinosaur Island: Rawr 'n Write – Dice Wrangler Promo Card","False"
"317457","Dinosaur World","347524","Dinosaur World: Add On Pack","False"
"317457","Dinosaur World","377034","Dinosaur World: Lawyer Promo Card","False"
"317457","Dinosaur World","452619","Dinosaur World: Pandasaurus HQ","False"
"317457","Dinosaur World","356111","Dinosaur World: The Dice Tower Attraction Tile","False"
"331401","Dog Park","396804","Dog Park: Dogs of the World Expansion Pack","False"
"331401","Dog Park","346847","Dog Park: European Dogs Expansion","False"
"331401","Dog Park","346845","Dog Park: Famous Dogs Expansion","False"
"331401","Dog Park","381242","Dog Park: New Tricks","False"
"253786","Don't Mess with Cthulhu Deluxe","258000","Don't Mess with Cthulhu: Double Agent","False"
"283355","Dune","346083","Dune: CHOAM & Richese","False"
"283355","Dune","377511","Dune: Ecaz & Moritani","False"
"329713","Dune: House Secrets","393759","Dune: House Secrets – Bonus Pack","False"
"316554","Dune: Imperium","426129","Dune: Imperium – Bloodlines","False"
"316554","Dune: Imperium","343598","Dune: Imperium – Boundless Ambition Promo Card","False"
"316554","Dune: Imperium","472822","Dune: Imperium – Conspiracy","False"
"316554","Dune: Imperium","345692","Dune: Imperium – Duncan, Loyal Blade Promo Card","False"
"316554","Dune: Imperium","367466","Dune: Imperium – Immortality","False"
"316554","Dune: Imperium","326431","Dune: Imperium – Jessica of Arrakis Promo Card","False"
"316554","Dune: Imperium","374597","Dune: Imperium – Piter, Genius Advisor Promo Card","False"
"316554","Dune: Imperium","441634","Dune: Imperium – Pivotal Gambit Promo Card","False"
"316554","Dune: Imperium","342031","Dune: Imperium – Rise of Ix","False"
"316554","Dune: Imperium","434489","Dune: Imperium – Ruthless Leadership Promo Card","False"
"316554","Dune: Imperium","392622","Dune: Imperium – Thumper Promo Card","False"
"367150","Dune: War for Arrakis","446237","Dune: War for Arrakis - Ecological Testing Station Cards","False"
"367150","Dune: War for Arrakis","446802","Dune: War for Arrakis – Exclusive Extras","False"
"246900","Eclipse: Second Dawn for the Galaxy","356743","Eclipse: Neue Gefahren","False"
"246900","Eclipse: Second Dawn for the Galaxy","381603","Eclipse: Second Dawn for the Galaxy – Expanded Galaxy","False"
"246900","Eclipse: Second Dawn for the Galaxy","305954","Eclipse: Second Dawn for the Galaxy – Galactic Events","False"
"246900","Eclipse: Second Dawn for the Galaxy","375216","Eclipse: Second Dawn for the Galaxy – Gamemat","False"
"246900","Eclipse: Second Dawn for the Galaxy","305950","Eclipse: Second Dawn for the Galaxy – Minor Species","False"
"246900","Eclipse: Second Dawn for the Galaxy","368378","Eclipse: Second Dawn for the Galaxy – Outcasts","False"
"246900","Eclipse: Second Dawn for the Galaxy","366202","Eclipse: Second Dawn for the Galaxy – Remnants of Worlds Afar","False"
"246900","Eclipse: Second Dawn for the Galaxy","305955","Eclipse: Second Dawn for the Galaxy – Rift Cannon","False"
"246900","Eclipse: Second Dawn for the Galaxy","368377","Eclipse: Second Dawn for the Galaxy – Seekers","False"
"246900","Eclipse: Second Dawn for the Galaxy","294546","Eclipse: Second Dawn for the Galaxy – Supernova","False"
"246900","Eclipse: Second Dawn for the Galaxy","350921","Eclipse: Second Dawn for the Galaxy – Turn Order Variant","False"
"246900","Eclipse: Second Dawn for the Galaxy","381605","Eclipse: Second Dawn for the Galaxy – Warped Universe","False"
"246900","Eclipse: Second Dawn for the Galaxy","303298","Eclipse: Second Dawn for the Galaxy – Worlds Afar Collection","False"
"100423","Elder Sign","237518","Elder Sign: Arkham Nights 2017 Promotional Investigator Cards","False"
"100423","Elder Sign","263228","Elder Sign: Daniela Reyes Promo Card","False"
"100423","Elder Sign","116304","Elder Sign: Daoloth Promo Card","False"
"100423","Elder Sign","198045","Elder Sign: Grave Consequences","False"
"100423","Elder Sign","207867","Elder Sign: Hastur Promo Card","False"
"100423","Elder Sign","189807","Elder Sign: Omens of Ice","False"
"100423","Elder Sign","132684","Elder Sign: Shub-Niggurath Promo Card","False"
"100423","Elder Sign","167930","Elder Sign: The Dark God Promo Card","False"
"100423","Elder Sign","129415","Elder Sign: The Hand of Solace – Promotional Adventure Card","False"
"100423","Elder Sign","131931","Elder Sign: The Log of the Persephone – Promotional Adventure Card","False"
"100423","Elder Sign","184253","Elder Sign: Ubbo-Sathla Promo Card","False"
"100423","Elder Sign","137479","Elder Sign: Unseen Forces","False"
"100423","Elder Sign","150884","Elder Sign: Yog-Sothoth Promo Card","False"
"68425","Eminent Domain","177849","Eminent Domain: Base Game Scenarios Promo","False"
"68425","Eminent Domain","86780","Eminent Domain: Bonus Planets","False"
"68425","Eminent Domain","168586","Eminent Domain: Cygnus Planet Promo","False"
"68425","Eminent Domain","110863","Eminent Domain: Elusive/Exclusive Victory Promo","False"
"68425","Eminent Domain","136313","Eminent Domain: Escalation","False"
"68425","Eminent Domain","163639","Eminent Domain: Exotica","False"
"68425","Eminent Domain","232135","Eminent Domain: Oblivion","False"
"218509","Empires of the Void II","265664","Empires of the Void II: General Event Cards","False"
"218509","Empires of the Void II","274653","Empires of the Void II: Hogran Promo Cards","False"
"218509","Empires of the Void II","274721","The Red Raven Fan Box #1","False"
"280794","Etherfields","418446","Awaken Realms Vault: Story Dice – AR Board Game Dice Bundle Box","False"
"280794","Etherfields","291130","Etherfields: 5th Player Expansion","False"
"280794","Etherfields","355873","Etherfields: Awakened Items & Actions","False"
"280794","Etherfields","291131","Etherfields: Funeral Witch Campaign","False"
"280794","Etherfields","358880","Etherfields: Kittenburg Expansion","False"
"280794","Etherfields","309202","Etherfields: Search Mini Deck","False"
"280794","Etherfields","381209","Etherfields: Shifting Story Promo Deck","False"
"280794","Etherfields","290840","Etherfields: Sphinx Campaign","False"
"280794","Etherfields","386805","Etherfields: Story Dice Expansion","False"
"280794","Etherfields","291126","Etherfields: Thorn Knight","False"
"133848","Euphoria: Build a Better Dystopia","181417","Euphoria: Participate In The Game or Watch It Played","False"
"382843","Evacuation","411362","Evacuation: P1 – Dice Tower 2024 Promo Card","False"
"382843","Evacuation","430466","Evacuation: P2 – MvM Promo Card","False"
"382843","Evacuation","415736","Evacuation: P3 – Italian Edition Promo Card","False"
"382843","Evacuation","415124","Evacuation: P4 – Spielbox Promo Card","False"
"382843","Evacuation","402811","Evacuation: SPIEL '23 Promo Card","False"
"292126","Excavation Earth","345047","Excavation Earth: Junk Tiles Promo Pack","False"
"292126","Excavation Earth","328580","Excavation Earth: Pretty Boxes & Ancient Artefacts","False"
"122842","Exodus: Proxima Centauri","186955","Exodus: Edge of Extinction – Kickstarter Edition","False"
"122842","Exodus: Proxima Centauri","189970","Exodus: Edge of Extinction – Kickstarter Limited Action Cards","False"
"122842","Exodus: Proxima Centauri","189971","Exodus: Edge of Extinction – Kickstarter Limited Political Cards","False"
"122842","Exodus: Proxima Centauri","134231","Exodus: Generals","False"
"122842","Exodus: Proxima Centauri","265063","Exodus: Proxima Centauri – ECID-S14 Mini-Expansion","False"
"122842","Exodus: Proxima Centauri","237410","Exodus: Proxima Centauri – Ymnighet Mini-Expansion","False"
"122842","Exodus: Proxima Centauri","134232","Exodus: Supplies bonus card","False"
"172225","Exploding Kittens","209454","Blackbox Press kit","False"
"172225","Exploding Kittens","477504","Exploding Kittens: Aggro Kittens","False"
"172225","Exploding Kittens","312667","Exploding Kittens: Barking Kittens","False"
"172225","Exploding Kittens","477505","Exploding Kittens: Creepy Kittens","False"
"172225","Exploding Kittens","204053","Exploding Kittens: Imploding Kittens","False"
"172225","Exploding Kittens","260214","Exploding Kittens: Streaking Kittens","False"
"172225","Exploding Kittens","232697","Hidden Compartment Pack: Expansion for Cards Against Humanity and Exploding Kittens","False"
"172225","Exploding Kittens","372808","Zombie Kittens: Not the Full Game. Just the 22 Expansion Cards","False"
"223040","Fantasy Realms","232120","Fantasy Realms: Jester Promo Card","False"
"223040","Fantasy Realms","347476","Fantasy Realms: Phoenix Promo Card","False"
"223040","Fantasy Realms","315200","Fantasy Realms: The Cursed Hoard","False"
"198609","Fate of the Elder Gods","232966","Fate of the Elder Gods: Azathoth","False"
"198609","Fate of the Elder Gods","245975","Fate of the Elder Gods: Beasts From Beyond – Ghoul","False"
"198609","Fate of the Elder Gods","245973","Fate of the Elder Gods: Beasts From Beyond – Shan","False"
"198609","Fate of the Elder Gods","303887","Fate of the Elder Gods: Cerulean Tendril","False"
"198609","Fate of the Elder Gods","232967","Fate of the Elder Gods: Promotional Cult Cards","False"
"345868","Federation","448124","Federation: Piracy","False"
"345868","Federation","459835","Federation: Piracy – Dice Tower AI Assistant Promo Card","False"
"277659","Final Girl","438604","Final Girl: A Demon in the Shadows","False"
"277659","Final Girl","438601","Final Girl: A Rotten Harvest","False"
"277659","Final Girl","440178","Final Girl: Accessories","False"
"277659","Final Girl","438599","Final Girl: Bad Times at Buddyland","False"
"277659","Final Girl","426353","Final Girl: Bleeding Heart","False"
"277659","Final Girl","402686","Final Girl: Carolyn's Revenge","False"
"277659","Final Girl","401734","Final Girl: Don't Make a Sound","False"
"277659","Final Girl","432907","Final Girl: Grandma's Grudge","False"
"277659","Final Girl","438625","Final Girl: Guest Stars","False"
"277659","Final Girl","401727","Final Girl: Hell to Pay","False"
"277659","Final Girl","438609","Final Girl: Julie Promo Pack","False"
"277659","Final Girl","382625","Final Girl: Lore & Scenario Book – Series 2","False"
"277659","Final Girl","432909","Final Girl: Lore & Scenario Book – Series 3","False"
"277659","Final Girl","438608","Final Girl: Meg Promo Pack","False"
"277659","Final Girl","410767","Final Girl: S3 Ultimate Box","False"
"277659","Final Girl","438606","Final Girl: S4 Ultimate Box","False"
"277659","Final Girl","383418","Final Girl: Series 1 Bonus Features Box","False"
"277659","Final Girl","383419","Final Girl: Series 2 Bonus Features Box","False"
"277659","Final Girl","438833","Final Girl: Series 3 Bonus Features Box","False"
"277659","Final Girl","438600","Final Girl: Shriek","False"
"277659","Final Girl","476057","Final Girl: Terror from Beyond","False"
"277659","Final Girl","401964","Final Girl: Terror from Destiny","False"
"277659","Final Girl","401729","Final Girl: The Falconwood Files","False"
"277659","Final Girl","438602","Final Girl: The Green Terror","False"
"277659","Final Girl","401724","Final Girl: The Killer from Tomorrow","False"
"277659","Final Girl","401731","Final Girl: The Marrek Murders","False"
"277659","Final Girl","401763","Final Girl: The North Pole Nightmare","False"
"277659","Final Girl","464502","Final Girl: The Raptor Games","False"
"183896","Firefly Fluxx","255016","Firefly Fluxx Upgrade Pack","False"
"183896","Firefly Fluxx","211606","Firefly Fluxx: Saffron Expansion","False"
"183896","Firefly Fluxx","177946","Fluxx Dice","False"
"183896","Firefly Fluxx","44489","Fluxx Promo Cards","False"
"183896","Firefly Fluxx","448622","Fluxx: Goal Foundry Pack","False"
"183896","Firefly Fluxx","377909","Solo Fluxx","False"
"138161","Firefly: The Game","145481","Firefly: The Game – Artful Dodger","False"
"138161","Firefly: The Game","149433","Firefly: The Game – Big Damn Heroes Promo Cards","False"
"138161","Firefly: The Game","147736","Firefly: The Game – Breakin' Atmo","False"
"138161","Firefly: The Game","176331","Firefly: The Game – Card Pack","False"
"138161","Firefly: The Game","212140","Firefly: The Game – Crime & Punishment","False"
"138161","Firefly: The Game","177496","Firefly: The Game – Esmeralda","False"
"138161","Firefly: The Game","197779","Firefly: The Game – Fruity Oaty Bar Promo Card","False"
"138161","Firefly: The Game","177497","Firefly: The Game – Jetwash","False"
"138161","Firefly: The Game","320925","Firefly: The Game – Loot Crate: Osiris Promo Card","False"
"138161","Firefly: The Game","320926","Firefly: The Game – Loot Crate: Persephone Promo Card","False"
"138161","Firefly: The Game","320922","Firefly: The Game – Loot Crate: Regina Promo Card","False"
"138161","Firefly: The Game","197591","Firefly: The Game – Loot Crate: Silverhold Promo Card","False"
"138161","Firefly: The Game","320923","Firefly: The Game – Loot Crate: Space Bazaar Promo Card","False"
"138161","Firefly: The Game","149495","Firefly: The Game – Mal's Pretty Floral Bonnet Promo Card","False"
"138161","Firefly: The Game","151953","Firefly: The Game – Pirates & Bounty Hunters","False"
"138161","Firefly: The Game","149796","Firefly: The Game – Wash's Lucky Dinosaurs Promo Card","False"
"192455","First Martians: Adventures on the Red Planet","241932","First Martians: Extra ROI Tiles Promo","False"
"192455","First Martians: Adventures on the Red Planet","308639","First Martians: New Upgrades","False"
"192455","First Martians: Adventures on the Red Planet","368421","First Martians: Rescue Team","False"
"192455","First Martians: Adventures on the Red Planet","234363","First Martians: Watch It Played Promo Tokens","False"
"136063","Forbidden Desert","153748","Forbidden Desert: Storm Tracker Gear Card","False"
"65244","Forbidden Island","169390","La Isla Prohibida: La Expansión Prohibida","False"
"317859","Forests of Pangaia","457321","Forest of Pangaea: Rising Roots","False"
"280032","Fossilis","301982","Fossilis: 2020 Dice Tower Promo Cards","False"
"280032","Fossilis","341532","Fossilis: Kickstarter Edition Expansions","False"
"345088","Founders of Teotihuacan","363198","Founders of Teotihuacan: Extra Bonus Disks","False"
"345088","Founders of Teotihuacan","376961","Founders of Teotihuacan: Worship Tiles","False"
"171273","FUSE","231169","FUSE: Flatline Promo Cards","False"
"171273","FUSE","238051","FUSE: Game Boy Geek Promo Card","False"
"171273","FUSE","223118","FUSE: International Tabletop Day 2017 Promo Card","False"
"171273","FUSE","283287","FUSE: Tool Box Promo Pack","False"
"171273","FUSE","216978","FUSE: Wild Die","False"
"171273","FUSE","283282","Level Up Loot: One","False"
"171273","FUSE","215186","Santa's Renegades","False"
"391137","Galactic Cruise","443379","Galactic Cruise: Achievements","False"
"391137","Galactic Cruise","455262","Galactic Cruise: Andromeda's Edge Promo Technology Tiles","False"
"391137","Galactic Cruise","470410","Galactic Cruise: Perfect Planning Promo Card","False"
"391137","Galactic Cruise","465513","Galactic Cruise: Rescue Mission Promo Card","False"
"391137","Galactic Cruise","465832","Galactic Cruise: Split Interests Promo Pack","False"
"281676","Galactic Era","451984","Galactic Anomaly","False"
"281676","Galactic Era","400830","Galactic Era: 2-Player Variant with Passive Automa","False"
"31481","Galaxy Trucker","97845","Galaxy Trucker: Another Big Expansion","False"
"31481","Galaxy Trucker","40484","Galaxy Trucker: Bonus Cards","False"
"31481","Galaxy Trucker","132435","Galaxy Trucker: Even-Steven Cards","False"
"31481","Galaxy Trucker","144227","Galaxy Trucker: Latest Models","False"
"31481","Galaxy Trucker","182027","Galaxy Trucker: Missions","False"
"31481","Galaxy Trucker","33963","Galaxy Trucker: Rough Road Ahead","False"
"31481","Galaxy Trucker","38378","Galaxy Trucker: The Big Expansion","False"
"252752","Genotype: A Mendelian Genetics Game","338625","Genotype: Alternative Inheritance Pattern Overlays","False"
"252752","Genotype: A Mendelian Genetics Game","381212","Genotype: Bernard Promo Card","False"
"252752","Genotype: A Mendelian Genetics Game","336874","Genotype: Fellowship Hall Promo Cards","False"
"252752","Genotype: A Mendelian Genetics Game","475086","Genotype: Garden Insects","False"
"252752","Genotype: A Mendelian Genetics Game","338626","Genotype: Tool Cards Promo Pack","False"
"265188","Glen More II: Chronicles","326956","Glen More II: Chronicles – Feed the Kraken Mini Chronicle","False"
"265188","Glen More II: Chronicles","292921","Glen More II: Chronicles – Promo 2: Lowland Clans","False"
"265188","Glen More II: Chronicles","292621","Glen More II: Chronicles – Promo 3: What Lurks Beneath","False"
"278120","God of War: The Card Game","286195","God of War: The Card Game – Boy!","False"
"158600","Hanamikoji","335223","Hanamikoji: JP promotion card 2021","False"
"158600","Hanamikoji","350621","Hanamikoji: Kickstarter Goodies 2021","False"
"158600","Hanamikoji","323921","Hanamikoji: Mini Expansion #1","False"
"158600","Hanamikoji","347151","Hanamikoji: Mini Expansion #2","False"
"158600","Hanamikoji","347152","Hanamikoji: Mini Expansion #3","False"
"158600","Hanamikoji","347153","Hanamikoji: Mini Expansion #4","False"
"158600","Hanamikoji","347154","Hanamikoji: Mini Expansion #5","False"
"158600","Hanamikoji","347155","Hanamikoji: Mini Expansion #6","False"
"158600","Hanamikoji","347156","Hanamikoji: Mini Expansion #7","False"
"158600","Hanamikoji","418474","Hanamikoji: Mini Expansions","False"
"233868","HATE","376427","HATE: CMON Comics – Vol. 2 Promos","False"
"233868","HATE","246987","HATE: The Mother Prophecy","False"
"233868","HATE","246990","HATE: Tribe of Sarrassa","False"
"233868","HATE","246989","HATE: Tribe of Um'Tull","False"
"233868","HATE","246988","HATE: Tribe of Vore Nash","False"
"321608","Hegemony: Lead Your Class to Victory","412693","Hegemony: Lead Your Class to Victory – Controlling the Narrative Promo Card","False"
"321608","Hegemony: Lead Your Class to Victory","374250","Hegemony: Lead Your Class to Victory – Crisis & Control","False"
"321608","Hegemony: Lead Your Class to Victory","422141","Hegemony: Lead Your Class to Victory – Rapid Resolution Promo Card","False"
"321608","Hegemony: Lead Your Class to Victory","456369","Hegemony: Shadows of Authority","False"
"195314","Herbaceous","218220","Herbaceous: Flavor Pack Mini Expansion","False"
"281655","High Frontier 4 All","331587","High Frontier 4 All: 6th Player Component Kit","False"
"281655","High Frontier 4 All","333517","High Frontier 4 All: Module 4 – Exodus","False"
"281655","High Frontier 4 All","402188","High Frontier 4 All: Module 5 – Economy","False"
"281655","High Frontier 4 All","441381","High Frontier 4 All: Module 6 – Odyssey","False"
"281655","High Frontier 4 All","374374","High Frontier 4 All: Promo Pack 1 – The Station Pack","False"
"281655","High Frontier 4 All","396137","High Frontier 4 All: Promo Pack 2 – Achievements","False"
"281655","High Frontier 4 All","466150","High Frontier 4 All: Promo Pack 3 – Crew","False"
"281655","High Frontier 4 All","413405","High Frontier 4 All: Tools 1","False"
"281655","High Frontier 4 All","441380","High Frontier 4 All: Tools 2","False"
"216070","Hunt for the Ring","257660","Hunt for the Ring: Frodo Baggins Promo Card","False"
"216070","Hunt for the Ring","300526","Hunt for the Ring: Light and Shadow","False"
"289566","Hunted: Kobayashi Tower","392626","Hunted: Kobayashi Tower Promo Cards","False"
"289565","Hunted: Mining Colony 415","392627","Hunted: Mining Colony – 415 Promo Cards","False"
"28","Illuminati","22049","Illuminati: Bavarian Fire Drill","False"
"28","Illuminati","1675","Illuminati: Brainwash","False"
"28","Illuminati","72892","Illuminati: Mutual Assured Distraction","False"
"28","Illuminati","98440","Illuminati: Unconstitutional! Promo Card","False"
"28","Illuminati","576","Illuminati: Y2K","False"
"255674","Imhotep: The Duel","286086","Deutscher Spielepreis Classic Goodie Box","False"
"255674","Imhotep: The Duel","292888","Imhotep: The Duel – Tomb C & D","False"
"318184","Imperium: Classics","374325","Imperium: Progeny Promo Pack","False"
"318184","Imperium: Classics","430172","Imperium: Undaunted Promo Card","False"
"155821","Inis","418217","Inis: Nemed","False"
"347305","Inventions: Evolution of Ideas","419984","Inventions: Evolution of Ideas – Promo Cards","False"
"347305","Inventions: Evolution of Ideas","421474","Inventions: Evolution of Ideas – Upgrade Pack","False"
"369258","Isle of Skye: Big Box","211945","Isle of Skye: From Chieftain to King – Adjacency Scrolls","False"
"369258","Isle of Skye: Big Box","205159","Isle of Skye: From Chieftain to King – Kennerspiel des Jahres Promo Tile","False"
"369258","Isle of Skye: Big Box","211116","Isle of Skye: From Chieftain to King – Themed Tiles","False"
"369258","Isle of Skye: Big Box","232226","Isle of Skye: Journeyman","False"
"325494","ISS Vanguard","418446","Awaken Realms Vault: Story Dice – AR Board Game Dice Bundle Box","False"
"325494","ISS Vanguard","340235","ISS Vanguard: Deadly Frontier","False"
"325494","ISS Vanguard","376879","ISS Vanguard: Equipment Promo Cards","False"
"325494","ISS Vanguard","402966","ISS Vanguard: Fearless Crew Mini-Expansion","False"
"325494","ISS Vanguard","432282","ISS Vanguard: Personal Discovery Promo Cards","False"
"325494","ISS Vanguard","386774","ISS Vanguard: Story Dice Expansion","False"
"240957","Judge Dredd: The Cursed Earth","269212","Judge Dredd: The Cursed Earth – Cursed Island Promo","False"
"205597","Jump Drive","375115","Jump Drive: Terminal Velocity","False"
"284378","Kanban EV","321238","Kanban EV: Upgrade Pack","False"
"297562","Kemet: Blood and Sand","313479","Kemet: Blood and Sand – 10 Obelisks and Divine Intervention Cards","False"
"297562","Kemet: Blood and Sand","313475","Kemet: Blood and Sand – Book of the Dead","False"
"297562","Kemet: Blood and Sand","475292","Kemet: Blood and Sand – Dice Tower 2026 White Scorpion Promo","False"
"297562","Kemet: Blood and Sand","448951","Kemet: Blood and Sand – Onyx","False"
"297562","Kemet: Blood and Sand","313481","Kemet: Blood and Sand – Sacred Bull","False"
"297562","Kemet: Blood and Sand","313480","Kemet: Blood and Sand – Sand Worm","False"
"297562","Kemet: Blood and Sand","424595","Kemet: Blood and Sand – The Baboon","False"
"297562","Kemet: Blood and Sand","461546","Kemet: Blood and Sand – The Great Old Ones","False"
"297562","Kemet: Blood and Sand","424596","Kemet: Blood and Sand – The Hippopotamus","False"
"297562","Kemet: Blood and Sand","419158","Kemet: Rise of the Gods","False"
"297562","Kemet: Blood and Sand","466538","Kemet: The Gates of Thonis","False"
"297562","Kemet: Blood and Sand","384164","Yucatan: Yucatan x Kemet","False"
"379629","Knarr","463722","Knarr: Skali","False"
"315727","Last Light","423053","Last Light: 'Til Death Ray Promo Card","False"
"315727","Last Light","440101","Last Light: 2024 Alien Factions Pack","False"
"315727","Last Light","440612","Last Light: Eclipse Engine Promo Card","False"
"315727","Last Light","381132","Last Light: Infinity","False"
"315727","Last Light","406965","Last Light: King Missile Promo Card","False"
"315727","Last Light","423052","Last Light: King Targeting Promo Card","False"
"315727","Last Light","460288","Last Light: Reclamation Cannon Promo Card","False"
"315727","Last Light","432613","Last Light: The Core Promo Card","False"
"315727","Last Light","440096","Last Light: The Experiment Alien Faction","False"
"267401","Lawyer Up","306798","Lawyer Up: Godfather","False"
"267401","Lawyer Up","306797","Lawyer Up: Witch Trial","False"
"361333","Lawyer Up: Season 2","306798","Lawyer Up: Godfather","False"
"361333","Lawyer Up: Season 2","376845","Lawyer Up: Season 2 – Private Eye: Dice Tower 2022 Promo Cards","False"
"361333","Lawyer Up: Season 2","376633","Lawyer Up: Season 2 – Private Eye: Game Boy Geek 2022 Promo Cards","False"
"361333","Lawyer Up: Season 2","306797","Lawyer Up: Witch Trial","False"
"146652","Legendary Encounters: An Alien Deck Building Game","205283","Legendary Encounters: Alien Conversion Kit","False"
"146652","Legendary Encounters: An Alien Deck Building Game","285158","Legendary Encounters: Alien Covenant","False"
"368173","Let's Go! To Japan","469022","Let's Go! Back To Japan","False"
"368173","Let's Go! To Japan","453455","Let's Go! to Japan: 5th Player Pack","False"
"368173","Let's Go! To Japan","387481","Let's Go! To Japan: Day Trip","False"
"368173","Let's Go! To Japan","387479","Let's Go! To Japan: Grab Your Passport","False"
"59959","Letters from Whitechapel","185354","Letters from Whitechapel: Dear Boss","False"
"155065","Lifeform","253223","Lifeform: Calibos","False"
"155065","Lifeform","250774","Lifeform: Dragon's Domain","False"
"155065","Lifeform","251582","Lifeform: Thirteenth Passenger","False"
"348877","Lobotomy 2: Manhunt","438191","Lobotomy 2: Dimensions of Madness","False"
"348877","Lobotomy 2: Manhunt","396310","Lobotomy 2: Manhunt – 2023 Promo Characters","False"
"348877","Lobotomy 2: Manhunt","376889","Lobotomy 2: Manhunt – Criminally Insane Character Expansion","False"
"348877","Lobotomy 2: Manhunt","368766","Lobotomy 2: Manhunt – Hell Level Expansion","False"
"348877","Lobotomy 2: Manhunt","368735","Lobotomy 2: Manhunt – Inferno Expansion","False"
"348877","Lobotomy 2: Manhunt","368822","Lobotomy 2: Manhunt – Jazza Ward Character Expansion","False"
"348877","Lobotomy 2: Manhunt","368839","Lobotomy 2: Manhunt – Legacy Ward Character Expansion","False"
"348877","Lobotomy 2: Manhunt","368953","Lobotomy 2: Manhunt – Lobotomy 1 Monster Conversion Set","False"
"348877","Lobotomy 2: Manhunt","368987","Lobotomy 2: Manhunt – Lobotomy 1 Monsters: Classic","False"
"348877","Lobotomy 2: Manhunt","369415","Lobotomy 2: Manhunt – Lobotomy 1 Monsters: Cthulhu","False"
"348877","Lobotomy 2: Manhunt","434307","Lobotomy 2: Manhunt – Lobotomy 1 Monsters: Elite","False"
"348877","Lobotomy 2: Manhunt","369297","Lobotomy 2: Manhunt – Lobotomy 1 Monsters: From the Deep","False"
"348877","Lobotomy 2: Manhunt","368988","Lobotomy 2: Manhunt – Lobotomy 1 Monsters: Horror","False"
"348877","Lobotomy 2: Manhunt","368850","Lobotomy 2: Manhunt – Original Ward","False"
"348877","Lobotomy 2: Manhunt","368819","Lobotomy 2: Manhunt – Villain Ward Character Expansion","False"
"348877","Lobotomy 2: Manhunt","434308","Lobotomy II: Manhunt – Lobotomy 1 Monsters: Nightmare","False"
"348877","Lobotomy 2: Manhunt","349477","Lobotomy: Essen 2021  promo set","False"
"348877","Lobotomy 2: Manhunt","430774","Lobotomy: Essen 2024 Promo character","False"
"340865","Lords of Ragnarok","351552","Lords of Ragnarok: Monster Variety Pack","False"
"340865","Lords of Ragnarok","350720","Lords of Ragnarok: Seas of Aegir","False"
"340865","Lords of Ragnarok","351570","Lords of Ragnarok: Stretch Goals","False"
"340865","Lords of Ragnarok","350196","Lords of Ragnarok: Utgard – Realms of the Giants","False"
"340865","Lords of Ragnarok","350203","Lords of Ragnarok: Valkyrie Hero","False"
"50","Lost Cities","206374","Lost Cities: Expedition 6 – The Lost Expedition","False"
"50","Lost Cities","282531","Lost Cities: Milestones","False"
"322050","Lost Empires: War for the New Sun","347081","Lost Empires: Crown of Ashes","False"
"322050","Lost Empires: War for the New Sun","375502","Lost Empires: Ruin of Sura","False"
"322050","Lost Empires: War for the New Sun","347083","Lost Empires: Solo Mode","False"
"129622","Love Letter","224259","Big Love Letter","False"
"129622","Love Letter","219182","Love Letter: Erweiterung","False"
"313841","Lunar Base","348711","Lunar Base: Kickstarter Limited Edition Extra Cards","False"
"205059","Mansions of Madness: Second Edition","363616","Mansions of Madness: Second Edition – Altered Fates","False"
"205059","Mansions of Madness: Second Edition","210674","Mansions of Madness: Second Edition – Beyond the Threshold: Expansion","False"
"205059","Mansions of Madness: Second Edition","363618","Mansions of Madness: Second Edition – Dark Reflections","False"
"205059","Mansions of Madness: Second Edition","255823","Mansions of Madness: Second Edition – Horrific Journeys: Expansion","False"
"205059","Mansions of Madness: Second Edition","283094","Mansions of Madness: Second Edition – Path of the Serpent: Expansion","False"
"205059","Mansions of Madness: Second Edition","206547","Mansions of Madness: Second Edition – Recurring Nightmares: Figure and Tile Collection","False"
"205059","Mansions of Madness: Second Edition","241533","Mansions of Madness: Second Edition – Sanctum of Twilight: Expansion","False"
"205059","Mansions of Madness: Second Edition","229987","Mansions of Madness: Second Edition – Streets of Arkham: Expansion","False"
"205059","Mansions of Madness: Second Edition","206548","Mansions of Madness: Second Edition – Suppressed Memories: Figure and Tile Collection","False"
"205059","Mansions of Madness: Second Edition","446015","Mansions of Madness: Second Edition – Turn of a Page","False"
"205059","Mansions of Madness: Second Edition","363617","Mansions of Madness: Second Edition – What Lies Within","False"
"193322","Master of Orion: The Board Game","223117","Master of Orion: The Board Game – Fuska Advisor Promo Card","False"
"193322","Master of Orion: The Board Game","260359","Master of Orion: The Board Game – Galactic Convention Promo Card","False"
"193322","Master of Orion: The Board Game","258291","Master of Orion: The Board Game – Pollution Processor Promo Card","False"
"193322","Master of Orion: The Board Game","233694","Master of Orion: The Board Game – Stego Advisor Promo Card","False"
"10630","Memoir '44","61507","Dire Heroes: Gas Attack at Ypres","False"
"10630","Memoir '44","303381","Memoir '28: Campaign Book – Rush to Victory","False"
"10630","Memoir '44","435016","Memoir '44: 80th D-DAY ANNIVERSARY Scenarios","False"
"10630","Memoir '44","31638","Memoir '44: Air Pack","False"
"10630","Memoir '44","101657","Memoir '44: Audie Murphy's Campaign","False"
"10630","Memoir '44","68752","Memoir '44: Breakthrough","False"
"10630","Memoir '44","286551","Memoir '44: Breakthrough to Gembloux","False"
"10630","Memoir '44","42317","Memoir '44: Campaign Book – D-Day Supplemental","False"
"10630","Memoir '44","39861","Memoir '44: Campaign Book Volume 1","False"
"10630","Memoir '44","109090","Memoir '44: Campaign Book Volume 2","False"
"10630","Memoir '44","156831","Memoir '44: D-Day Landings","False"
"10630","Memoir '44","75260","Memoir '44: Disaster at Dieppe","False"
"10630","Memoir '44","19245","Memoir '44: Eastern Front","False"
"10630","Memoir '44","125755","Memoir '44: Equipment Pack","False"
"10630","Memoir '44","134328","Memoir '44: Equipment Pack Bonus Scenarios","False"
"10630","Memoir '44","37918","Memoir '44: Hedgerow Hell","False"
"10630","Memoir '44","38320","Memoir '44: Mediterranean Theater","False"
"10630","Memoir '44","274522","Memoir '44: New Flight Plan","False"
"10630","Memoir '44","282482","Memoir '44: New Flight Plan Bonus Scenarios","False"
"10630","Memoir '44","37911","Memoir '44: Operation Overlord","False"
"10630","Memoir '44","27112","Memoir '44: Overlord","False"
"10630","Memoir '44","21384","Memoir '44: Pacific Theater","False"
"10630","Memoir '44","59127","Memoir '44: Sword of Stalingrad","False"
"10630","Memoir '44","19244","Memoir '44: Terrain Pack","False"
"10630","Memoir '44","209827","Memoir '44: The Battles of Khalkhin-Gol","False"
"10630","Memoir '44","105855","Memoir '44: The Invasion of Crete","False"
"10630","Memoir '44","61677","Memoir '44: The Vercors Campaign","False"
"10630","Memoir '44","244078","Memoir '44: Through Jungle and Desert","False"
"10630","Memoir '44","41571","Memoir '44: Tigers in the Snow","False"
"10630","Memoir '44","177666","Memoir '44: VE-Day Scenarios","False"
"10630","Memoir '44","34060","Memoir '44: Winter 2007 Scenario","False"
"10630","Memoir '44","84406","Memoir '44: Winter Wars","False"
"10630","Memoir '44","19374","Memoir '44: Winter/Desert Board Map","False"
"284653","Mind MGMT: The Psychic Espionage “Game.”","449781","Mind MGMT: Joker","False"
"284653","Mind MGMT: The Psychic Espionage “Game.”","376863","Mind MGMT: Penny and Arjet Promo Card","False"
"284653","Mind MGMT: The Psychic Espionage “Game.”","357010","Mind MGMT: Secret Missions","False"
"302510","Mining Colony","431223","Mining Colony: Master Plans","False"
"302510","Mining Colony","336747","Mining Colony: Objective Pack","False"
"302510","Mining Colony","377725","Mining Colony: Secret Missions","False"
"299249","Mint Control","338624","Mint Control: Crowdfunder's Hall Promo","False"
"299249","Mint Control","310793","Mint Control: Promo Pack","False"
"299249","Mint Control","338689","Mint Control: Swap Promo","False"
"282765","Mint Cooperative","305087","Mint Cooperative: Double Mint & Ruth Canal Promos","False"
"200077","Mint Works","338154","Mint Works: Phil / Baseball Stadium promo card","False"
"200077","Mint Works","233759","Mint Works: Promo 1","False"
"200077","Mint Works","382428","Mint Works: Spieleschmiede Promo Cards","False"
"200077","Mint Works","277669","Mint Works: Tantrum House Intern Promo Card","False"
"358386","Moon","382957","Moon: Valkyrie Expansion","False"
"122298","Morels","361546","Morels: 10th Anniversary Booster Pack","False"
"122298","Morels","225143","Morels: Foray","False"
"122298","Morels","293240","Super Power","False"
"72287","Mr. Jack Pocket","260306","Mr. Jack Pocket: Extension","False"
"72287","Mr. Jack Pocket","100166","Mr. Jack Pocket: Goodies","False"
"192638","Multiuniversum","203988","Multiuniversum: Project Cthulhu","False"
"226320","My Little Scythe","305420","My Little Scythe: Pie in the Sky","False"
"181304","Mysterium","204573","Brettspiel Adventskalender 2016","False"
"181304","Mysterium","231506","Brettspiel Adventskalender 2017","False"
"181304","Mysterium","259717","Mysterium: Blue Jay Promo Card","False"
"181304","Mysterium","213223","Mysterium: Brettspiel Adventskalender 2016 Promo","False"
"181304","Mysterium","234156","Mysterium: Brettspiel Adventskalender 2017 Promo","False"
"181304","Mysterium","214735","Mysterium: Game Day 2016 Promo Card","False"
"181304","Mysterium","192661","Mysterium: Hidden Signs","False"
"181304","Mysterium","282537","Mysterium: Potions Promo Card","False"
"181304","Mysterium","186293","Mysterium: Promo Cards","False"
"181304","Mysterium","216465","Mysterium: Secrets & Lies","False"
"181304","Mysterium","202669","Mysterium: The Meeple Promo Cards","False"
"181304","Mysterium","179656","Tajemnicze Domostwo: Motive cards","False"
"167355","Nemesis","418446","Awaken Realms Vault: Story Dice – AR Board Game Dice Bundle Box","False"
"167355","Nemesis","295927","Nemesis: Achievement Cards","False"
"167355","Nemesis","256377","Nemesis: Aftermath & Void Seeders","False"
"167355","Nemesis","312736","Nemesis: Aftermath & Void Seeders & Medic","False"
"167355","Nemesis","297911","Nemesis: Blood Tests Deck","False"
"167355","Nemesis","245845","Nemesis: Carnomorphs","False"
"167355","Nemesis","274532","Nemesis: Crawl Deck","False"
"167355","Nemesis","297660","Nemesis: Feat Promo Cards","False"
"167355","Nemesis","386776","Nemesis: Story Dice Expansion – Intruder","False"
"167355","Nemesis","386781","Nemesis: Story Dice Expansion – Space Cat","False"
"310100","Nemesis: Lockdown","418446","Awaken Realms Vault: Story Dice – AR Board Game Dice Bundle Box","False"
"310100","Nemesis: Lockdown","245845","Nemesis: Carnomorphs","False"
"310100","Nemesis: Lockdown","329652","Nemesis: Lockdown – Dice Tower 2021 Promo Cards","False"
"310100","Nemesis: Lockdown","321742","Nemesis: Lockdown – Stretch Goals","False"
"310100","Nemesis: Lockdown","335320","Nemesis: Lockdown – Untold Stories #3","False"
"310100","Nemesis: Lockdown","386776","Nemesis: Story Dice Expansion – Intruder","False"
"310100","Nemesis: Lockdown","386781","Nemesis: Story Dice Expansion – Space Cat","False"
"381248","Nemesis: Retaliation","451355","Nemesis Retaliation: Exertion Mini-expansion Promo Pack","False"
"381248","Nemesis: Retaliation","411053","Nemesis: Retaliation – Stretch Goals","False"
"12942","No Thanks!","231506","Brettspiel Adventskalender 2017","False"
"12942","No Thanks!","234160","Schöne Sch#!?e: Stroke of Luck","False"
"194879","Not Alone","238130","Not Alone: Essen 2017 Promo Cards","False"
"194879","Not Alone","222738","Not Alone: Exploration","False"
"194879","Not Alone","326077","Not Alone: Sanctuary – The Promo Cards","False"
"194879","Not Alone","228389","Not Alone: The Green Artefact Promo Cards","False"
"194879","Not Alone","209698","Not Alone: The Red Artefact Promo Cards","False"
"194879","Not Alone","232381","Not Alone: The Yellow Artefact Promo Cards","False"
"184267","On Mars","278431","On Mars: Beacon Promo Card","False"
"184267","On Mars","296981","On Mars: Upgrade Pack","False"
"179275","One Deck Dungeon","295146","One Deck Dungeon: Abyssal Depths","False"
"179275","One Deck Dungeon","256224","One Deck Dungeon: Caliana","False"
"179275","One Deck Dungeon","368337","One Deck Dungeon: Felisi","False"
"179275","One Deck Dungeon","286136","One Deck Dungeon: Mist","False"
"179275","One Deck Dungeon","255353","One Deck Dungeon: Phoenix's Den","False"
"179275","One Deck Dungeon","321549","One Deck Dungeon: Witch","False"
"322588","Origins: First Builders","350461","Loot Box #1","False"
"322588","Origins: First Builders","363480","Origins: Ancient Wonders","False"
"322588","Origins: First Builders","381339","Origins: First Builders – District Promo Cards","False"
"322588","Origins: First Builders","350466","Origins: First Builders – Ophiuchus, the 13th sign of the Zodiac promo card","False"
"322588","Origins: First Builders","350467","Origins: First Builders – The Voice","False"
"266810","Paladins of the West Kingdom","290834","Level Up Loot 2","False"
"266810","Paladins of the West Kingdom","274782","Paladins of the West Kingdom: 2019 Promos","False"
"266810","Paladins of the West Kingdom","317980","Paladins of the West Kingdom: City of Crowns","False"
"266810","Paladins of the West Kingdom","329073","Paladins of the West Kingdom: Dice Tower 2021 Pack","False"
"266810","Paladins of the West Kingdom","304626","Paladins of the West Kingdom: King Dan","False"
"266810","Paladins of the West Kingdom","295660","Paladins of the West Kingdom: Meeple Folk","False"
"266810","Paladins of the West Kingdom","432453","Paladins of the West Kingdom: Player Suspicion Decks","False"
"266810","Paladins of the West Kingdom","430463","Paladins of the West Kingdom: Principi Promo Card","False"
"266810","Paladins of the West Kingdom","330372","Paladins of the West Kingdom: Suzerain","False"
"266810","Paladins of the West Kingdom","327244","Paladins of the West Kingdom: The Vassals Mini-Expansion","False"
"266810","Paladins of the West Kingdom","293647","West Kingdom Mini Card Set","False"
"266810","Paladins of the West Kingdom","296152","The West Kingdom Tomesaga","False"
"266810","Paladins of the West Kingdom","454506","West Kingdom Trilogy: Promo Pack 2","False"
"304510","Pampero","403056","Pampero: Clear Skies","False"
"304510","Pampero","436028","Pampero: Project Verne","False"
"304510","Pampero","428439","Pampero: Promo Action Card and Scoring Card","False"
"304510","Pampero","424681","Pampero: Windfarm Connection Tiles","False"
"30549","Pandemic","205666","Pandemic: Gen Con 2016 Promos – Z-Force Team Member/Game Convention","False"
"30549","Pandemic","446028","Pandemic: Government Shutdown","False"
"30549","Pandemic","137136","Pandemic: In the Lab","False"
"30549","Pandemic","446025","Pandemic: Isolation","False"
"30549","Pandemic","40849","Pandemic: On the Brink","False"
"30549","Pandemic","185403","Pandemic: Promo Roles","False"
"30549","Pandemic","168703","Pandemic: State of Emergency","False"
"30549","Pandemic","221935","Pandemic: Survival Promos – Crisis Mitigator/Relocation Specialist","False"
"30549","Pandemic","382181","Pandemic: Teacher Promo Card","False"
"30549","Pandemic","48791","Pandemie: Uitbreiding ""De Generalist""","False"
"266524","PARKS","298729","Parks: Nightfall","False"
"266524","PARKS","291459","Parks: Season of Tantrum Promo Card","False"
"266524","PARKS","358854","Parks: Wildlife","False"
"163412","Patchwork","238617","Patchwork: 5x5 Bonuskarte","False"
"163412","Patchwork","257570","Patchwork: Automa","False"
"163412","Patchwork","403195","Patchwork: Dolle Decken","False"
"258779","Planet Unknown","437800","Planet Unknown: New Planets and Corporations","False"
"147299","Pocket Imperium","172574","Pocket Imperium: Mech Worlds","False"
"147299","Pocket Imperium","178629","Pocket Imperium: Prosperity","False"
"368017","Point City","399920","Point City: Kickstarter Promo Civic Tokens","False"
"274960","Point Salad","452724","Point Salad: Garnishes","False"
"156009","Port Royal","184025","Port Royal: Gambler Promo Card","False"
"156009","Port Royal","181899","Port Royal: Just One More Contract...","False"
"156009","Port Royal","219265","Port Royal: The Adventure Begins...","False"
"156009","Port Royal","186885","Stadt Land Spielt Limitierte Sonderdrucke 2015","False"
"156009","Port Royal","293240","Super Power","False"
"3076","Puerto Rico","286086","Deutscher Spielepreis Classic Goodie Box","False"
"3076","Puerto Rico","292912","Puerto Rico: Buccaneer","False"
"3076","Puerto Rico","12382","Puerto Rico: Expansion I – New Buildings","False"
"3076","Puerto Rico","159761","Puerto Rico: Expansion II – The Nobles","False"
"3076","Puerto Rico","270125","Puerto Rico: Expansions 1&2 – The New Buildings & The Nobles","False"
"3076","Puerto Rico","291423","Puerto Rico: Festival en Puerto Rico","False"
"3076","Puerto Rico","40688","Treasure Chest","False"
"159473","Quartermaster General","249522","Quartermaster General WW2: Prelude","False"
"159473","Quartermaster General","172561","Quartermaster General: Air Marshal","False"
"159473","Quartermaster General","193139","Quartermaster General: Alternate Histories","False"
"159473","Quartermaster General","172595","Quartermaster General: Prisoner Exchange promo tile","False"
"331979","Quartermaster General WW2: 2nd Edition","249522","Quartermaster General WW2: Prelude","False"
"331979","Quartermaster General WW2: 2nd Edition","312489","Quartermaster General WW2: Total War","False"
"232043","Queendomino","240909","Kingdomino: Age of Giants","False"
"232043","Queendomino","306171","Kingdomino: The Court","False"
"306881","Railroad Ink Challenge: Lush Green Edition","337505","Railroad Ink Challenge: Solo Board","False"
"306881","Railroad Ink Challenge: Lush Green Edition","357311","Railroad Ink: Additional Cards Pack","False"
"306881","Railroad Ink Challenge: Lush Green Edition","405689","Railroad Ink: Additional Players Pack","False"
"306881","Railroad Ink Challenge: Lush Green Edition","320731","Railroad Ink: Arcade Expansion Pack","False"
"306881","Railroad Ink Challenge: Lush Green Edition","400945","Railroad Ink: Archipelago Boards Set","False"
"306881","Railroad Ink Challenge: Lush Green Edition","430078","Railroad Ink: Brussel and Antwerpen Blueprint Promo Card","False"
"306881","Railroad Ink Challenge: Lush Green Edition","320730","Railroad Ink: Eldritch Expansion Pack","False"
"306881","Railroad Ink Challenge: Lush Green Edition","320737","Railroad Ink: Electricity Expansion Pack","False"
"306881","Railroad Ink Challenge: Lush Green Edition","320734","Railroad Ink: Engineer Expansion Pack","False"
"306881","Railroad Ink Challenge: Lush Green Edition","339247","Railroad Ink: Epic & Giant Boards Set","False"
"306881","Railroad Ink Challenge: Lush Green Edition","372326","Railroad Ink: Essen 2022 Blueprint Promo Card","False"
"306881","Railroad Ink Challenge: Lush Green Edition","320735","Railroad Ink: Futuristic Expansion Pack","False"
"306881","Railroad Ink Challenge: Lush Green Edition","320736","Railroad Ink: Sky Expansion Pack","False"
"306881","Railroad Ink Challenge: Lush Green Edition","320732","Railroad Ink: Underground Expansion Pack","False"
"306881","Railroad Ink Challenge: Lush Green Edition","430079","Railroad Ink: Utrecht and Amsterdam Blueprint Promo Card","False"
"242684","Reavers of Midgard","376622","Reavers of Midgard: Dan of All Trades Promo Cards","False"
"242684","Reavers of Midgard","309223","Reavers of Midgard: Finnish Linens Promo Cards","False"
"242684","Reavers of Midgard","379762","Reavers of Midgard: Gods and Prophets","False"
"242684","Reavers of Midgard","355871","Reavers of Midgard: Hnefatafl Promo Cards","False"
"242684","Reavers of Midgard","323331","Reavers of Midgard: Mara Promo Cards","False"
"242684","Reavers of Midgard","323683","Reavers of Midgard: Tablet of Mischief Promo Card","False"
"242684","Reavers of Midgard","323688","Reavers of Midgard: Tablet of Wrath Promo Card","False"
"242684","Reavers of Midgard","359336","Reavers of Midgard: Tafel der Wiedergeburt","False"
"428099","Revenant","473375","Revenant: Reason and Faith","False"
"334931","Robinson Crusoe: Adventures on the Cursed Island – Collector's Edition (Gamefound Edition)","204573","Brettspiel Adventskalender 2016","False"
"334931","Robinson Crusoe: Adventures on the Cursed Island – Collector's Edition (Gamefound Edition)","269742","Robinson Crusoe: Adventures on the Cursed Island – ""Adventure in Neverland"" Junior Scenario","False"
"334931","Robinson Crusoe: Adventures on the Cursed Island – Collector's Edition (Gamefound Edition)","210429","Robinson Crusoe: Adventures on the Cursed Island – ""Poachers"" Scenario","False"
"334931","Robinson Crusoe: Adventures on the Cursed Island – Collector's Edition (Gamefound Edition)","264179","Robinson Crusoe: Adventures on the Cursed Island – ""Time Travel"" Scenario","False"
"334931","Robinson Crusoe: Adventures on the Cursed Island – Collector's Edition (Gamefound Edition)","162959","Robinson Crusoe: Adventures on the Cursed Island – ""Tracing Doctor Livingstone"" Scenario","False"
"334931","Robinson Crusoe: Adventures on the Cursed Island – Collector's Edition (Gamefound Edition)","170907","Robinson Crusoe: Adventures on the Cursed Island – ""Treasure Island"" Junior Scenario","False"
"334931","Robinson Crusoe: Adventures on the Cursed Island – Collector's Edition (Gamefound Edition)","149350","Robinson Crusoe: Adventures on the Cursed Island – Additional Beast Cards","False"
"334931","Robinson Crusoe: Adventures on the Cursed Island – Collector's Edition (Gamefound Edition)","336301","Robinson Crusoe: Adventures on the Cursed Island – Companion App Pack #01: Loury Totems","False"
"334931","Robinson Crusoe: Adventures on the Cursed Island – Collector's Edition (Gamefound Edition)","336302","Robinson Crusoe: Adventures on the Cursed Island – Companion App Pack #02: Pirate's Map","False"
"334931","Robinson Crusoe: Adventures on the Cursed Island – Collector's Edition (Gamefound Edition)","336304","Robinson Crusoe: Adventures on the Cursed Island – Companion App Pack #03: Rotten Wounds","False"
"334931","Robinson Crusoe: Adventures on the Cursed Island – Collector's Edition (Gamefound Edition)","189832","Robinson Crusoe: Adventures on the Cursed Island – Crewmen Deck I","False"
"334931","Robinson Crusoe: Adventures on the Cursed Island – Collector's Edition (Gamefound Edition)","179658","Robinson Crusoe: Adventures on the Cursed Island – Discovery Tokens","False"
"334931","Robinson Crusoe: Adventures on the Cursed Island – Collector's Edition (Gamefound Edition)","286649","Robinson Crusoe: Adventures on the Cursed Island – Discovery Tokens Set II","False"
"334931","Robinson Crusoe: Adventures on the Cursed Island – Collector's Edition (Gamefound Edition)","270716","Robinson Crusoe: Adventures on the Cursed Island – Early Launch Kit","False"
"334931","Robinson Crusoe: Adventures on the Cursed Island – Collector's Edition (Gamefound Edition)","220964","Robinson Crusoe: Adventures on the Cursed Island – Event Cards","False"
"334931","Robinson Crusoe: Adventures on the Cursed Island – Collector's Edition (Gamefound Edition)","168588","Robinson Crusoe: Adventures on the Cursed Island – Gamer Character","False"
"334931","Robinson Crusoe: Adventures on the Cursed Island – Collector's Edition (Gamefound Edition)","239151","Robinson Crusoe: Adventures on the Cursed Island – Herb Garden and Pen","False"
"334931","Robinson Crusoe: Adventures on the Cursed Island – Collector's Edition (Gamefound Edition)","263875","Robinson Crusoe: Adventures on the Cursed Island – Hunting Adventures","False"
"334931","Robinson Crusoe: Adventures on the Cursed Island – Collector's Edition (Gamefound Edition)","175182","Robinson Crusoe: Adventures on the Cursed Island – Hunting Dog","False"
"334931","Robinson Crusoe: Adventures on the Cursed Island – Collector's Edition (Gamefound Edition)","249535","Robinson Crusoe: Adventures on the Cursed Island – In-Store Event Kit","False"
"334931","Robinson Crusoe: Adventures on the Cursed Island – Collector's Edition (Gamefound Edition)","256211","Robinson Crusoe: Adventures on the Cursed Island – Mystery Cards I","False"
"334931","Robinson Crusoe: Adventures on the Cursed Island – Collector's Edition (Gamefound Edition)","238391","Robinson Crusoe: Adventures on the Cursed Island – Mystery Tales","False"
"334931","Robinson Crusoe: Adventures on the Cursed Island – Collector's Edition (Gamefound Edition)","452435","Robinson Crusoe: Adventures on the Cursed Island – Pearl Hunting Scenario","False"
"334931","Robinson Crusoe: Adventures on the Cursed Island – Collector's Edition (Gamefound Edition)","168032","Robinson Crusoe: Adventures on the Cursed Island – Promo Pack","False"
"334931","Robinson Crusoe: Adventures on the Cursed Island – Collector's Edition (Gamefound Edition)","270101","Robinson Crusoe: Adventures on the Cursed Island – Ready for Anything 2","False"
"334931","Robinson Crusoe: Adventures on the Cursed Island – Collector's Edition (Gamefound Edition)","213221","Robinson Crusoe: Adventures on the Cursed Island – Runch Mini Expansion","False"
"334931","Robinson Crusoe: Adventures on the Cursed Island – Collector's Edition (Gamefound Edition)","336347","Robinson Crusoe: Adventures on the Cursed Island – Sailor & Gamer Pack","False"
"334931","Robinson Crusoe: Adventures on the Cursed Island – Collector's Edition (Gamefound Edition)","156823","Robinson Crusoe: Adventures on the Cursed Island – Sailor Character","False"
"334931","Robinson Crusoe: Adventures on the Cursed Island – Collector's Edition (Gamefound Edition)","156413","Robinson Crusoe: Adventures on the Cursed Island – Searching the Beach","False"
"334931","Robinson Crusoe: Adventures on the Cursed Island – Collector's Edition (Gamefound Edition)","180550","Robinson Crusoe: Adventures on the Cursed Island – Secret Trait Cards","False"
"334931","Robinson Crusoe: Adventures on the Cursed Island – Collector's Edition (Gamefound Edition)","258682","Robinson Crusoe: Adventures on the Cursed Island – Shelter Upgrades","False"
"334931","Robinson Crusoe: Adventures on the Cursed Island – Collector's Edition (Gamefound Edition)","336303","Robinson Crusoe: Adventures on the Cursed Island – Special Roof Tiles","False"
"334931","Robinson Crusoe: Adventures on the Cursed Island – Collector's Edition (Gamefound Edition)","350197","Robinson Crusoe: Adventures on the Cursed Island – Special Weapon Tiles","False"
"334931","Robinson Crusoe: Adventures on the Cursed Island – Collector's Edition (Gamefound Edition)","162604","Robinson Crusoe: Adventures on the Cursed Island – Spyglass of Illusory Hope","False"
"334931","Robinson Crusoe: Adventures on the Cursed Island – Collector's Edition (Gamefound Edition)","299441","Robinson Crusoe: Adventures on the Cursed Island – The Book of Adventures","False"
"334931","Robinson Crusoe: Adventures on the Cursed Island – Collector's Edition (Gamefound Edition)","336650","Robinson Crusoe: Adventures on the Cursed Island – The Book of Adventures (Gamefound Edition)","False"
"334931","Robinson Crusoe: Adventures on the Cursed Island – Collector's Edition (Gamefound Edition)","132445","Robinson Crusoe: Adventures on the Cursed Island – Trait Cards I","False"
"334931","Robinson Crusoe: Adventures on the Cursed Island – Collector's Edition (Gamefound Edition)","304337","Robinson Crusoe: Adventures on the Cursed Island – Treasure Chest","False"
"334931","Robinson Crusoe: Adventures on the Cursed Island – Collector's Edition (Gamefound Edition)","272644","Robinson Crusoe: Adventures on the Cursed Island – Volcano Tile Promo","False"
"334931","Robinson Crusoe: Adventures on the Cursed Island – Collector's Edition (Gamefound Edition)","144722","Robinson Crusoe: Adventures on the Cursed Island – Voyage of the Beagle (Vol. 1)","False"
"334931","Robinson Crusoe: Adventures on the Cursed Island – Collector's Edition (Gamefound Edition)","185797","Robinson Crusoe: Schatzkiste","False"
"811","Rummikub","169466","Original Rummikub Ergänzungs-Set für 5 und 6 Spieler","False"
"169786","Scythe","276229","Scythe: Bonus Promo Pack – 6 Promo Encounter Cards numbers 37-42","False"
"169786","Scythe","262151","Scythe: Encounters","False"
"169786","Scythe","199727","Scythe: Invaders from Afar","False"
"169786","Scythe","279304","Scythe: Modular Board","False"
"169786","Scythe","211731","Scythe: Promo Pack #1 – Encounter Cards 29-32","False"
"169786","Scythe","221033","Scythe: Promo Pack #11 – Encounter Card 39","False"
"169786","Scythe","232176","Scythe: Promo Pack #12 – Encounter Card 40","False"
"169786","Scythe","232087","Scythe: Promo Pack #13 – Encounter Card 41","False"
"169786","Scythe","237663","Scythe: Promo Pack #14 – Encounter Card 42","False"
"169786","Scythe","205121","Scythe: Promo Pack #2 – Encounter Cards 33-36","False"
"169786","Scythe","211732","Scythe: Promo Pack #3 – Objective Cards 24-27","False"
"169786","Scythe","211733","Scythe: Promo Pack #4 – Factory Cards 13-18","False"
"169786","Scythe","212879","Scythe: Promo Pack #6 – Encounter Card 37","False"
"169786","Scythe","204984","Scythe: Promo Pack #7 – Encounter Card 38","False"
"169786","Scythe","242277","Scythe: The Rise of Fenris","False"
"169786","Scythe","223555","Scythe: The Wind Gambit","False"
"343900","Senjutsu: Battle For Japan","419965","Senjutsu: Battle For Japan – Daimyo's Castle","False"
"343900","Senjutsu: Battle For Japan","359043","Senjutsu: Battle For Japan – Legends of Japan","False"
"343900","Senjutsu: Battle For Japan","349470","Senjutsu: Battle For Japan – The Gathering Storm","False"
"343900","Senjutsu: Battle For Japan","349468","Senjutsu: Battle For Japan – The Ghost in the Night","False"
"343900","Senjutsu: Battle For Japan","349493","Senjutsu: Battle For Japan – The Shadow Under Steel","False"
"343900","Senjutsu: Battle For Japan","359042","Senjutsu: Battle For Japan – The Wolf At The Door","False"
"343900","Senjutsu: Battle For Japan","359041","Senjutsu: Battle For Japan – When Two Worlds Collide","False"
"343900","Senjutsu: Battle For Japan","381141","Senjutsu: Battle For Japan – Winds of Change","False"
"418059","SETI: Search for Extraterrestrial Intelligence","456891","SETI: Search for Extraterrestrial Intelligence – DLR Promo Card","False"
"418059","SETI: Search for Extraterrestrial Intelligence","477189","SETI: Search for Extraterrestrial Intelligence – Drake Equation Promo Card","False"
"418059","SETI: Search for Extraterrestrial Intelligence","437940","SETI: Search for Extraterrestrial Intelligence – Gateway to Mars Promo Card","False"
"418059","SETI: Search for Extraterrestrial Intelligence","430027","SETI: Search for Extraterrestrial Intelligence – Pluto Promo Card","False"
"418059","SETI: Search for Extraterrestrial Intelligence","445048","SETI: Space Agencies","False"
"418059","SETI: Search for Extraterrestrial Intelligence","453310","SETI: Space Agencies – Space Agencies Promo Card","False"
"202426","Sidereal Confluence","456634","Sidereal Confluence: Proliferation","False"
"255984","Sleeping Gods","287670","Sleeping Gods: Dungeons","False"
"255984","Sleeping Gods","376880","Sleeping Gods: Lightning Staff Promo Card","False"
"255984","Sleeping Gods","309222","Sleeping Gods: Saxophone Promo Card","False"
"255984","Sleeping Gods","328319","Sleeping Gods: The Secret Cabal Gaming Podcast Promos","False"
"255984","Sleeping Gods","283766","Sleeping Gods: Tides of Ruin","False"
"255984","Sleeping Gods","327987","Sleeping Gods: Zokmere Polearm Promo Card","False"
"361284","Sleeping Gods: Distant Skies (Gamefound Edition)","382649","Sleeping Gods: Distant Skies – Skis and Poles Promo Card","False"
"299178","Small Railroad Empires","395253","Small Railroad Empires: Achievement Cards Promo Pack","False"
"299178","Small Railroad Empires","395255","Small Railroad Empires: Loyal Partner Promo","False"
"299178","Small Railroad Empires","332597","Small Railroad Empires: Scenario Pack 2","False"
"284616","Small Samurai Empires","476925","Samurai Empires: Eiyū","False"
"329228","Solar Sphere","355328","Solar Sphere: Expansions","False"
"329228","Solar Sphere","373926","Solar Sphere: Kickstarter Promos","False"
"274037","Solar Storm","315945","Solar Storm: Alternative Rooms Mini Expansion","False"
"274037","Solar Storm","315947","Solar Storm: Damage Control Mini Expansion","False"
"249689","Sovereign Skies","295686","Sovereign Skies: Cosmic Calamity","False"
"249689","Sovereign Skies","431796","Sovereign Skies: Expansions","False"
"249689","Sovereign Skies","295684","Sovereign Skies: Houses Rising","False"
"249689","Sovereign Skies","295685","Sovereign Skies: Tides of Triumph","False"
"38453","Space Alert","61492","Space Alert: The New Frontier","False"
"242302","Space Base","453739","Dead Reckoning: Other Games Promo Pack","False"
"242302","Space Base","475770","Space Base: A.E.G. Electrify 09-2026 Promo Card","False"
"242302","Space Base","322546","Space Base: Biodome","False"
"242302","Space Base","277564","Space Base: Command Station","False"
"242302","Space Base","359273","Space Base: Dead Reckoning Promo Cards","False"
"242302","Space Base","277286","Space Base: Dreadnaught Promo Pack","False"
"242302","Space Base","388569","Space Base: Genesis","False"
"242302","Space Base","266483","Space Base: The Emergence of Shy Pluto","False"
"242302","Space Base","349810","Space Base: The Mysteries of Terra Proxima","False"
"242302","Space Base","368444","Space Base: U.E.C. John D Clair Promo Card","False"
"242302","Space Base","449898","Space Base: Velocity","False"
"123096","Space Cadets","132524","Space Cadets: Promo Pack","False"
"123096","Space Cadets","155190","Space Cadets: Resistance Is Mostly Futile","False"
"124827","Space Cadets: Away Missions","172311","Space Cadets: Away Missions – Promo Cards","False"
"124827","Space Cadets: Away Missions","180589","Space Cadets: Away Missions – Promo Scenarios and Illustrations Book","False"
"142079","Space Cadets: Dice Duel","155072","Space Cadets: Dice Duel – Die Fighter","False"
"142079","Space Cadets: Dice Duel","168589","Space Cadets: Dice Duel – Drive Thru Promo","False"
"84419","Space Empires 4X","316050","Space Empires: All Good Things","False"
"84419","Space Empires 4X","151979","Space Empires: Replicators","False"
"375459","Speakeasy","450413","Speakeasy: Upgrade Pack","False"
"178044","Star Empires","267360","Small Star Empires: 5-6 Player Expansion","False"
"178044","Star Empires","267369","Small Star Empires: Civilization and Tiles Pack","False"
"178044","Star Empires","244983","Small Star Empires: Dawn of Discoveries","False"
"178044","Star Empires","269461","Small Star Empires: Fate of the Galaxy","False"
"178044","Star Empires","267366","Small Star Empires: Supermassive Black Hole","False"
"178044","Star Empires","244884","Small Star Empires: The Galactic Divide","False"
"147020","Star Realms","255584","Star Realms: Ace of Aces","False"
"147020","Star Realms","200427","Star Realms: Admiral's Tabletop Promo Card","False"
"147020","Star Realms","282955","Star Realms: Assault Shuttle","False"
"147020","Star Realms","198025","Star Realms: Battle Barge Promo Card","False"
"147020","Star Realms","255243","Star Realms: Battle Screecher Promo Card","False"
"147020","Star Realms","156755","Star Realms: BGG Store Promo Set One","False"
"147020","Star Realms","160970","Star Realms: BGG Store Promo Set Two","False"
"147020","Star Realms","409497","Star Realms: Blob Turkey Promo Card","False"
"147020","Star Realms","198027","Star Realms: Breeding Site Promo Card","False"
"147020","Star Realms","369431","Star Realms: Castle Promo Card","False"
"147020","Star Realms","233899","Star Realms: Coalition Tower Promo Card","False"
"147020","Star Realms","231374","Star Realms: Command Deck – Lost Fleet","False"
"147020","Star Realms","231376","Star Realms: Command Deck – The Alignment","False"
"147020","Star Realms","231369","Star Realms: Command Deck – The Alliance","False"
"147020","Star Realms","231370","Star Realms: Command Deck – The Coalition","False"
"147020","Star Realms","231371","Star Realms: Command Deck – The Pact","False"
"147020","Star Realms","231372","Star Realms: Command Deck – The Union","False"
"147020","Star Realms","231373","Star Realms: Command Deck – The Unity","False"
"147020","Star Realms","179025","Star Realms: Cosmic Gambit Set","False"
"147020","Star Realms","166702","Star Realms: Crisis – Bases & Battleships","False"
"147020","Star Realms","166707","Star Realms: Crisis – Events","False"
"147020","Star Realms","166704","Star Realms: Crisis – Fleets & Fortresses","False"
"147020","Star Realms","166708","Star Realms: Crisis – Heroes","False"
"147020","Star Realms","326885","Star Realms: Disposal Bot Promo Card","False"
"147020","Star Realms","255240","Star Realms: Federal Transport","False"
"147020","Star Realms","369454","Star Realms: Finder Promo Card","False"
"147020","Star Realms","255245","Star Realms: Fortress Oblivion Promo Card","False"
"147020","Star Realms","306504","Star Realms: Frontier Hawk Promo Card","False"
"147020","Star Realms","257613","Star Realms: Frontiers – Kickstarter Promo Pack","False"
"147020","Star Realms","158957","Star Realms: Gambit Set","False"
"147020","Star Realms","167549","Star Realms: Game Day Pack (May – July)","False"
"147020","Star Realms","168401","Star Realms: Game Day Pack (Season 2)","False"
"147020","Star Realms","287290","Star Realms: High Alert – First Strike","False"
"147020","Star Realms","287286","Star Realms: High Alert – Heroes","False"
"147020","Star Realms","287284","Star Realms: High Alert – Invasion","False"
"147020","Star Realms","287289","Star Realms: High Alert – Requisition","False"
"147020","Star Realms","287287","Star Realms: High Alert – Tech","False"
"147020","Star Realms","296450","Star Realms: Interceptor Promo Card","False"
"147020","Star Realms","255242","Star Realms: Megahauler Promo Card","False"
"147020","Star Realms","231021","Star Realms: Merc Battlecruiser Promo Card","False"
"147020","Star Realms","355648","Star Realms: Merc Captain Garcia Promo Card","False"
"147020","Star Realms","252679","Star Realms: Merc Destroyer Promo Card","False"
"147020","Star Realms","263667","Star Realms: Merc Tower Promo Card","False"
"147020","Star Realms","172403","Star Realms: Mercenary Garrison Promo Card","False"
"147020","Star Realms","258592","Star Realms: Pact Cutter Promo Card","False"
"147020","Star Realms","203074","Star Realms: Promo Pack I","False"
"147020","Star Realms","219507","Star Realms: Rescue Run Promo Card","False"
"147020","Star Realms","369652","Star Realms: Rise of Empire – Kickstarter Promo Pack","False"
"147020","Star Realms","378589","Star Realms: Rise of Empire – Locked Promo Pack","False"
"147020","Star Realms","224182","Star Realms: Scenarios","False"
"147020","Star Realms","195557","Star Realms: Security Craft Promo Card","False"
"147020","Star Realms","264077","Star Realms: Seeker Promo Card","False"
"147020","Star Realms","399092","Star Realms: Star Captain Starla Promo","False"
"147020","Star Realms","255244","Star Realms: Starbase Omega Promo Card","False"
"147020","Star Realms","164343","Star Realms: Starmarket Promo Card","False"
"147020","Star Realms","231375","Star Realms: Stellar Allies Pack","False"
"147020","Star Realms","255241","Star Realms: Stellar Ray","False"
"147020","Star Realms","363017","Star Realms: Stingray Promo Card","False"
"147020","Star Realms","280383","Star Realms: Tanker Promo Card","False"
"147020","Star Realms","182075","Star Realms: The Ark Promo Card","False"
"147020","Star Realms","369151","Star Realms: Tournament Kit Season 3","False"
"147020","Star Realms","369150","Star Realms: Tournament Kit Season 5","False"
"147020","Star Realms","229721","Star Realms: Union Drone","False"
"147020","Star Realms","208503","Star Realms: United – Assault","False"
"147020","Star Realms","208501","Star Realms: United – Command","False"
"147020","Star Realms","202247","Star Realms: United – Heroes","False"
"147020","Star Realms","208502","Star Realms: United – Missions","False"
"147020","Star Realms","258810","Star Realms: Universal Storage Box","False"
"147020","Star Realms","369456","Star Realms: Warlord Promo Card","False"
"147020","Star Realms","202862","Star Realms: Year Two Promo Cards","False"
"147020","Star Realms","339751","Звёздные империи: Альянс (Star Realms: United)","False"
"147020","Star Realms","475890","Звёздные империи: Боевая тревога (Star Realms: High Alert)","False"
"147020","Star Realms","352237","Звёздные империи: Гамбит (Star Realms: Gambit)","False"
"147020","Star Realms","378739","Звёздные империи: Командиры (Star Realms: Commanders)","False"
"182631","Star Realms: Colony Wars","200427","Star Realms: Admiral's Tabletop Promo Card","False"
"182631","Star Realms: Colony Wars","282955","Star Realms: Assault Shuttle","False"
"182631","Star Realms: Colony Wars","198025","Star Realms: Battle Barge Promo Card","False"
"182631","Star Realms: Colony Wars","255243","Star Realms: Battle Screecher Promo Card","False"
"182631","Star Realms: Colony Wars","156755","Star Realms: BGG Store Promo Set One","False"
"182631","Star Realms: Colony Wars","160970","Star Realms: BGG Store Promo Set Two","False"
"182631","Star Realms: Colony Wars","198027","Star Realms: Breeding Site Promo Card","False"
"182631","Star Realms: Colony Wars","369431","Star Realms: Castle Promo Card","False"
"182631","Star Realms: Colony Wars","231374","Star Realms: Command Deck – Lost Fleet","False"
"182631","Star Realms: Colony Wars","231376","Star Realms: Command Deck – The Alignment","False"
"182631","Star Realms: Colony Wars","231369","Star Realms: Command Deck – The Alliance","False"
"182631","Star Realms: Colony Wars","231370","Star Realms: Command Deck – The Coalition","False"
"182631","Star Realms: Colony Wars","231371","Star Realms: Command Deck – The Pact","False"
"182631","Star Realms: Colony Wars","231372","Star Realms: Command Deck – The Union","False"
"182631","Star Realms: Colony Wars","231373","Star Realms: Command Deck – The Unity","False"
"182631","Star Realms: Colony Wars","179025","Star Realms: Cosmic Gambit Set","False"
"182631","Star Realms: Colony Wars","166702","Star Realms: Crisis – Bases & Battleships","False"
"182631","Star Realms: Colony Wars","166707","Star Realms: Crisis – Events","False"
"182631","Star Realms: Colony Wars","166704","Star Realms: Crisis – Fleets & Fortresses","False"
"182631","Star Realms: Colony Wars","166708","Star Realms: Crisis – Heroes","False"
"182631","Star Realms: Colony Wars","326885","Star Realms: Disposal Bot Promo Card","False"
"182631","Star Realms: Colony Wars","255240","Star Realms: Federal Transport","False"
"182631","Star Realms: Colony Wars","369454","Star Realms: Finder Promo Card","False"
"182631","Star Realms: Colony Wars","255245","Star Realms: Fortress Oblivion Promo Card","False"
"182631","Star Realms: Colony Wars","306504","Star Realms: Frontier Hawk Promo Card","False"
"182631","Star Realms: Colony Wars","257613","Star Realms: Frontiers – Kickstarter Promo Pack","False"
"182631","Star Realms: Colony Wars","158957","Star Realms: Gambit Set","False"
"182631","Star Realms: Colony Wars","167549","Star Realms: Game Day Pack (May – July)","False"
"182631","Star Realms: Colony Wars","168401","Star Realms: Game Day Pack (Season 2)","False"
"182631","Star Realms: Colony Wars","287290","Star Realms: High Alert – First Strike","False"
"182631","Star Realms: Colony Wars","287286","Star Realms: High Alert – Heroes","False"
"182631","Star Realms: Colony Wars","287284","Star Realms: High Alert – Invasion","False"
"182631","Star Realms: Colony Wars","287289","Star Realms: High Alert – Requisition","False"
"182631","Star Realms: Colony Wars","287287","Star Realms: High Alert – Tech","False"
"182631","Star Realms: Colony Wars","296450","Star Realms: Interceptor Promo Card","False"
"182631","Star Realms: Colony Wars","231021","Star Realms: Merc Battlecruiser Promo Card","False"
"182631","Star Realms: Colony Wars","355648","Star Realms: Merc Captain Garcia Promo Card","False"
"182631","Star Realms: Colony Wars","172403","Star Realms: Mercenary Garrison Promo Card","False"
"182631","Star Realms: Colony Wars","258592","Star Realms: Pact Cutter Promo Card","False"
"182631","Star Realms: Colony Wars","203074","Star Realms: Promo Pack I","False"
"182631","Star Realms: Colony Wars","224182","Star Realms: Scenarios","False"
"182631","Star Realms: Colony Wars","195557","Star Realms: Security Craft Promo Card","False"
"182631","Star Realms: Colony Wars","255244","Star Realms: Starbase Omega Promo Card","False"
"182631","Star Realms: Colony Wars","164343","Star Realms: Starmarket Promo Card","False"
"182631","Star Realms: Colony Wars","231375","Star Realms: Stellar Allies Pack","False"
"182631","Star Realms: Colony Wars","255241","Star Realms: Stellar Ray","False"
"182631","Star Realms: Colony Wars","363017","Star Realms: Stingray Promo Card","False"
"182631","Star Realms: Colony Wars","280383","Star Realms: Tanker Promo Card","False"
"182631","Star Realms: Colony Wars","182075","Star Realms: The Ark Promo Card","False"
"182631","Star Realms: Colony Wars","369151","Star Realms: Tournament Kit Season 3","False"
"182631","Star Realms: Colony Wars","369150","Star Realms: Tournament Kit Season 5","False"
"182631","Star Realms: Colony Wars","229721","Star Realms: Union Drone","False"
"182631","Star Realms: Colony Wars","208503","Star Realms: United – Assault","False"
"182631","Star Realms: Colony Wars","208501","Star Realms: United – Command","False"
"182631","Star Realms: Colony Wars","202247","Star Realms: United – Heroes","False"
"182631","Star Realms: Colony Wars","208502","Star Realms: United – Missions","False"
"182631","Star Realms: Colony Wars","258810","Star Realms: Universal Storage Box","False"
"182631","Star Realms: Colony Wars","369456","Star Realms: Warlord Promo Card","False"
"182631","Star Realms: Colony Wars","202862","Star Realms: Year Two Promo Cards","False"
"182631","Star Realms: Colony Wars","339751","Звёздные империи: Альянс (Star Realms: United)","False"
"182631","Star Realms: Colony Wars","475890","Звёздные империи: Боевая тревога (Star Realms: High Alert)","False"
"182631","Star Realms: Colony Wars","352237","Звёздные империи: Гамбит (Star Realms: Gambit)","False"
"230253","Star Realms: Frontiers","255584","Star Realms: Ace of Aces","False"
"230253","Star Realms: Frontiers","200427","Star Realms: Admiral's Tabletop Promo Card","False"
"230253","Star Realms: Frontiers","198025","Star Realms: Battle Barge Promo Card","False"
"230253","Star Realms: Frontiers","255243","Star Realms: Battle Screecher Promo Card","False"
"230253","Star Realms: Frontiers","156755","Star Realms: BGG Store Promo Set One","False"
"230253","Star Realms: Frontiers","160970","Star Realms: BGG Store Promo Set Two","False"
"230253","Star Realms: Frontiers","198027","Star Realms: Breeding Site Promo Card","False"
"230253","Star Realms: Frontiers","369431","Star Realms: Castle Promo Card","False"
"230253","Star Realms: Frontiers","233899","Star Realms: Coalition Tower Promo Card","False"
"230253","Star Realms: Frontiers","231374","Star Realms: Command Deck – Lost Fleet","False"
"230253","Star Realms: Frontiers","231376","Star Realms: Command Deck – The Alignment","False"
"230253","Star Realms: Frontiers","231369","Star Realms: Command Deck – The Alliance","False"
"230253","Star Realms: Frontiers","231370","Star Realms: Command Deck – The Coalition","False"
"230253","Star Realms: Frontiers","231371","Star Realms: Command Deck – The Pact","False"
"230253","Star Realms: Frontiers","231372","Star Realms: Command Deck – The Union","False"
"230253","Star Realms: Frontiers","231373","Star Realms: Command Deck – The Unity","False"
"230253","Star Realms: Frontiers","179025","Star Realms: Cosmic Gambit Set","False"
"230253","Star Realms: Frontiers","166702","Star Realms: Crisis – Bases & Battleships","False"
"230253","Star Realms: Frontiers","166707","Star Realms: Crisis – Events","False"
"230253","Star Realms: Frontiers","166704","Star Realms: Crisis – Fleets & Fortresses","False"
"230253","Star Realms: Frontiers","166708","Star Realms: Crisis – Heroes","False"
"230253","Star Realms: Frontiers","326885","Star Realms: Disposal Bot Promo Card","False"
"230253","Star Realms: Frontiers","255240","Star Realms: Federal Transport","False"
"230253","Star Realms: Frontiers","369454","Star Realms: Finder Promo Card","False"
"230253","Star Realms: Frontiers","255245","Star Realms: Fortress Oblivion Promo Card","False"
"230253","Star Realms: Frontiers","306504","Star Realms: Frontier Hawk Promo Card","False"
"230253","Star Realms: Frontiers","257613","Star Realms: Frontiers – Kickstarter Promo Pack","False"
"230253","Star Realms: Frontiers","158957","Star Realms: Gambit Set","False"
"230253","Star Realms: Frontiers","167549","Star Realms: Game Day Pack (May – July)","False"
"230253","Star Realms: Frontiers","168401","Star Realms: Game Day Pack (Season 2)","False"
"230253","Star Realms: Frontiers","287290","Star Realms: High Alert – First Strike","False"
"230253","Star Realms: Frontiers","287286","Star Realms: High Alert – Heroes","False"
"230253","Star Realms: Frontiers","287284","Star Realms: High Alert – Invasion","False"
"230253","Star Realms: Frontiers","287289","Star Realms: High Alert – Requisition","False"
"230253","Star Realms: Frontiers","287287","Star Realms: High Alert – Tech","False"
"230253","Star Realms: Frontiers","296450","Star Realms: Interceptor Promo Card","False"
"230253","Star Realms: Frontiers","255242","Star Realms: Megahauler Promo Card","False"
"230253","Star Realms: Frontiers","231021","Star Realms: Merc Battlecruiser Promo Card","False"
"230253","Star Realms: Frontiers","355648","Star Realms: Merc Captain Garcia Promo Card","False"
"230253","Star Realms: Frontiers","252679","Star Realms: Merc Destroyer Promo Card","False"
"230253","Star Realms: Frontiers","263667","Star Realms: Merc Tower Promo Card","False"
"230253","Star Realms: Frontiers","172403","Star Realms: Mercenary Garrison Promo Card","False"
"230253","Star Realms: Frontiers","258592","Star Realms: Pact Cutter Promo Card","False"
"230253","Star Realms: Frontiers","203074","Star Realms: Promo Pack I","False"
"230253","Star Realms: Frontiers","219507","Star Realms: Rescue Run Promo Card","False"
"230253","Star Realms: Frontiers","224182","Star Realms: Scenarios","False"
"230253","Star Realms: Frontiers","195557","Star Realms: Security Craft Promo Card","False"
"230253","Star Realms: Frontiers","264077","Star Realms: Seeker Promo Card","False"
"230253","Star Realms: Frontiers","255244","Star Realms: Starbase Omega Promo Card","False"
"230253","Star Realms: Frontiers","164343","Star Realms: Starmarket Promo Card","False"
"230253","Star Realms: Frontiers","231375","Star Realms: Stellar Allies Pack","False"
"230253","Star Realms: Frontiers","255241","Star Realms: Stellar Ray","False"
"230253","Star Realms: Frontiers","363017","Star Realms: Stingray Promo Card","False"
"230253","Star Realms: Frontiers","280383","Star Realms: Tanker Promo Card","False"
"230253","Star Realms: Frontiers","182075","Star Realms: The Ark Promo Card","False"
"230253","Star Realms: Frontiers","369151","Star Realms: Tournament Kit Season 3","False"
"230253","Star Realms: Frontiers","369150","Star Realms: Tournament Kit Season 5","False"
"230253","Star Realms: Frontiers","229721","Star Realms: Union Drone","False"
"230253","Star Realms: Frontiers","208503","Star Realms: United – Assault","False"
"230253","Star Realms: Frontiers","208501","Star Realms: United – Command","False"
"230253","Star Realms: Frontiers","202247","Star Realms: United – Heroes","False"
"230253","Star Realms: Frontiers","208502","Star Realms: United – Missions","False"
"230253","Star Realms: Frontiers","258810","Star Realms: Universal Storage Box","False"
"230253","Star Realms: Frontiers","369456","Star Realms: Warlord Promo Card","False"
"230253","Star Realms: Frontiers","202862","Star Realms: Year Two Promo Cards","False"
"230253","Star Realms: Frontiers","339751","Звёздные империи: Альянс (Star Realms: United)","False"
"230253","Star Realms: Frontiers","475890","Звёздные империи: Боевая тревога (Star Realms: High Alert)","False"
"230253","Star Realms: Frontiers","352237","Звёздные империи: Гамбит (Star Realms: Gambit)","False"
"273910","Stars of Akarios","442094","Stars of Akarios: Legendary Weapon Upgrade Pack","False"
"279720","Streets","364759","Streets: Board Game Arena Promo Tile","False"
"279720","Streets","356098","Streets: Dice Tower 2021 Promo Tile","False"
"279720","Streets","343679","Streets: Kickstarter Promo Pack","False"
"281258","Sub Terra II: Inferno's Edge","290827","Sub Terra II: Arima's Light","False"
"281258","Sub Terra II: Inferno's Edge","290828","Sub Terra II: Typhaon Wakes","False"
"123260","Suburbia","171007","Suburbia 5★","False"
"123260","Suburbia","145196","Suburbia Inc","False"
"123260","Suburbia","465130","Suburbia: 15 Extra City Tiles","False"
"123260","Suburbia","290858","Suburbia: Collector's Edition – Man vs. Meeple Studios","False"
"123260","Suburbia","275850","Suburbia: Collector's Edition – Sax Serenade Jazz Club","False"
"123260","Suburbia","277302","Suburbia: Collector's Edition – Tantrum House","False"
"123260","Suburbia","277303","Suburbia: Collector's Edition – The Dice Towers","False"
"123260","Suburbia","176806","Suburbia: Con Tiles","False"
"123260","Suburbia","128386","Suburbia: Essen SPIEL Expansion","False"
"123260","Suburbia","332410","Suburbia: Expansions (Second Edition)","False"
"123260","Suburbia","154984","Suburbia: Hala Stulecia","False"
"123260","Suburbia","412887","Suburbia: Nightlife Promo Tiles","False"
"133473","Sushi Go!","186885","Stadt Land Spielt Limitierte Sonderdrucke 2015","False"
"133473","Sushi Go!","317275","Sushi Go Party!: Pickled Ginger Promo","False"
"133473","Sushi Go!","251250","Sushi Go Party!: Sake Promo","False"
"133473","Sushi Go!","250934","Sushi Go Party!: Sukeroku Promo","False"
"133473","Sushi Go!","165802","Sushi Go!: Soy Sauce Promo","False"
"316786","Tabannusi: Builders of Ur","346270","Tabannusi: Builders of Ur – Tantrum House Promo","False"
"360366","Tainted Grail: Kings of Ruin","371622","Tainted Grail: Kings of Ruin – Black Goat of the Moors","False"
"360366","Tainted Grail: Kings of Ruin","420045","Tainted Grail: Kings of Ruin – Into the Mists","False"
"360366","Tainted Grail: Kings of Ruin","420043","Tainted Grail: Kings of Ruin – Lost Chapters","False"
"360366","Tainted Grail: Kings of Ruin","405800","Tainted Grail: Kings of Ruin – Treasure Seeker Promo Cards","False"
"360366","Tainted Grail: Kings of Ruin","372608","Tainted Grail: Modular Campsite","False"
"360366","Tainted Grail: Kings of Ruin","386803","Tainted Grail: Story Dice Expansion","False"
"264220","Tainted Grail: The Fall of Avalon","418446","Awaken Realms Vault: Story Dice – AR Board Game Dice Bundle Box","False"
"264220","Tainted Grail: The Fall of Avalon","297996","Tainted Grail: Forever Autumn Promo Cards","False"
"264220","Tainted Grail: The Fall of Avalon","355872","Tainted Grail: Item Sets Promo Cards","False"
"264220","Tainted Grail: The Fall of Avalon","372608","Tainted Grail: Modular Campsite","False"
"264220","Tainted Grail: The Fall of Avalon","302483","Tainted Grail: Monsters of Avalon – Past and Future Miniature Pack","False"
"264220","Tainted Grail: The Fall of Avalon","308105","Tainted Grail: Past And Future Alternative Encounters Card Pack","False"
"264220","Tainted Grail: The Fall of Avalon","386803","Tainted Grail: Story Dice Expansion","False"
"264220","Tainted Grail: The Fall of Avalon","267325","Tainted Grail: The Fall of Avalon – Echoes of the Past","False"
"264220","Tainted Grail: The Fall of Avalon","267408","Tainted Grail: The Fall of Avalon – Red Death Expansion","False"
"264220","Tainted Grail: The Fall of Avalon","321718","Tainted Grail: The Fall of Avalon – War Runes","False"
"432","Take 5","20030","6 nimmt! Plus","False"
"432","Take 5","315750","6 nimmt!: Even/Odd","False"
"432","Take 5","163187","6 nimmt!: Luggage Promo Card","False"
"432","Take 5","228784","6 qui prend!: L'extension vachement bien","False"
"432","Take 5","416325","Take 5: The Jumping Cow","False"
"118048","Targi","178656","Brettspiel Adventskalender 2015","False"
"118048","Targi","329281","Targi: Alternative Border Cards","False"
"118048","Targi","364690","Targi: Die Bonus-Box","False"
"118048","Targi","189661","Targi: The Action Tokens","False"
"306481","Tawantinsuyu: The Inca Empire","350461","Loot Box #1","False"
"306481","Tawantinsuyu: The Inca Empire","350465","Tawantinsuyu: Book of Challenges","False"
"306481","Tawantinsuyu: The Inca Empire","374348","Tawantinsuyu: Children of the Inca","False"
"306481","Tawantinsuyu: The Inca Empire","313598","Tawantinsuyu: The Inca Empire – Tantrum House Promo Tiles","False"
"297030","Tekhenu: Obelisk of the Sun","350461","Loot Box #1","False"
"297030","Tekhenu: Obelisk of the Sun","350463","Tekhenu: Book of Challenges","False"
"297030","Tekhenu: Obelisk of the Sun","350464","Tekhenu: Noble Buildings","False"
"297030","Tekhenu: Obelisk of the Sun","301358","Tekhenu: Obelisk of the Sun – Foundations of Karnak","False"
"297030","Tekhenu: Obelisk of the Sun","375608","Tekhenu: Obelisk of the Sun – Warmth of a Cat mini-expansion","False"
"229853","Teotihuacan: City of Gods","256951","Brettspiel Adventskalender 2018","False"
"229853","Teotihuacan: City of Gods","350461","Loot Box #1","False"
"229853","Teotihuacan: City of Gods","264153","Teotihuacan: Brettspiel Adventskalender 2018 Promo","False"
"229853","Teotihuacan: City of Gods","315049","Teotihuacan: City of Gods – 5th Player Expansion","False"
"229853","Teotihuacan: City of Gods","283302","Teotihuacan: City of Gods – Decoration Tiles","False"
"229853","Teotihuacan: City of Gods","279161","Teotihuacan: City of Gods – Man vs Meeple Promo","False"
"229853","Teotihuacan: City of Gods","301254","Teotihuacan: City of Gods – Promo Bundle","False"
"229853","Teotihuacan: City of Gods","279160","Teotihuacan: City of Gods – Pyramid Tile Promo, Red Temple","False"
"229853","Teotihuacan: City of Gods","262936","Teotihuacan: Dice Settlers Promo","False"
"229853","Teotihuacan: City of Gods","340392","Teotihuacan: Expert Challenges – Book 1","False"
"229853","Teotihuacan: City of Gods","341949","Teotihuacan: Expert Challenges – Book 2","False"
"229853","Teotihuacan: City of Gods","350462","Teotihuacan: Expert Challenges – Book 3","False"
"229853","Teotihuacan: City of Gods","386071","Teotihuacan: New Priests","False"
"381715","Teotihuacan: City of Gods – Deluxe Master Set","315049","Teotihuacan: City of Gods – 5th Player Expansion","False"
"350458","Terracotta Army","406196","Terracotta Army: Dice Tower 2023 Promo Tiles","False"
"167791","Terraforming Mars","317189","Meeple BR Jogos Promo Pack #1","False"
"167791","Terraforming Mars","380299","Terraforming Mars: 16 Psyche Promo Card","False"
"167791","Terraforming Mars","473099","Terraforming Mars: 2vs2","False"
"167791","Terraforming Mars","465940","Terraforming Mars: Albedo Plants Promo Card","False"
"167791","Terraforming Mars","406001","Terraforming Mars: Amazonis & Vastitas","False"
"167791","Terraforming Mars","401513","Terraforming Mars: Amazonis Planitia – Big Board Edition","False"
"167791","Terraforming Mars","427367","Terraforming Mars: Anti-Desertification Techniques Promo Card","False"
"167791","Terraforming Mars","427564","Terraforming Mars: Aqueduct Systems Promo Card","False"
"167791","Terraforming Mars","322281","Terraforming Mars: Asteroid Rights Promo Card","False"
"167791","Terraforming Mars","427563","Terraforming Mars: Astra Mechanica Promo Card","False"
"167791","Terraforming Mars","265081","Terraforming Mars: Atmo Collectors Promo Card","False"
"167791","Terraforming Mars","395612","Terraforming Mars: Automa","False"
"167791","Terraforming Mars","339849","Terraforming Mars: Bactoviral Research Promo Card","False"
"167791","Terraforming Mars","241497","Terraforming Mars: BGG User-Created Corporation Pack","False"
"167791","Terraforming Mars","311247","Terraforming Mars: Big Box","False"
"167791","Terraforming Mars","312319","Terraforming Mars: Big Box Promos","False"
"167791","Terraforming Mars","332774","Terraforming Mars: Bio Printing Facility Promo Card","False"
"167791","Terraforming Mars","478412","Terraforming Mars: Boom Town Promo Card","False"
"167791","Terraforming Mars","427565","Terraforming Mars: Carbon Nanosystems Promo Card","False"
"167791","Terraforming Mars","428401","Terraforming Mars: Cardboard Map Box Big Box Extension","False"
"167791","Terraforming Mars","465939","Terraforming Mars: Casinos Promo Card","False"
"167791","Terraforming Mars","419696","Terraforming Mars: City Parks Promo Card","False"
"167791","Terraforming Mars","370074","Terraforming Mars: Corporate Archives Promo Card","False"
"167791","Terraforming Mars","427573","Terraforming Mars: Cyberia Systems Promo Card","False"
"167791","Terraforming Mars","400568","Terraforming Mars: Directed Heat Usage Promo Card","False"
"167791","Terraforming Mars","375783","Terraforming Mars: Double Down Promo Card","False"
"167791","Terraforming Mars","427696","Terraforming Mars: Established Methods Promo Card","False"
"167791","Terraforming Mars","468457","Terraforming Mars: Floyd Continuum","False"
"167791","Terraforming Mars","427697","Terraforming Mars: Giant Solar Collector Promo Card","False"
"167791","Terraforming Mars","346129","Terraforming Mars: Harvest Promo Card","False"
"167791","Terraforming Mars","377179","Terraforming Mars: Head Start Promo Card","False"
"167791","Terraforming Mars","427574","Terraforming Mars: Hermetic Order of Mars Promo Card","False"
"167791","Terraforming Mars","427576","Terraforming Mars: Homeostasis Bureau Promo Card","False"
"167791","Terraforming Mars","428037","Terraforming Mars: Hospitals Promo Card","False"
"167791","Terraforming Mars","408591","Terraforming Mars: Icy Impactors Promo Card","False"
"167791","Terraforming Mars","265083","Terraforming Mars: Jovian Lanterns Promo Card","False"
"167791","Terraforming Mars","427577","Terraforming Mars: Kaguya Tech Promo Card","False"
"167791","Terraforming Mars","427695","Terraforming Mars: Kuiper Cooperative Promo Card","False"
"167791","Terraforming Mars","265084","Terraforming Mars: Lunar Exports Promo Card","False"
"167791","Terraforming Mars","427578","Terraforming Mars: Mars Nomads Promo Card","False"
"167791","Terraforming Mars","427579","Terraforming Mars: Martian Lumber Corp Promo Card","False"
"167791","Terraforming Mars","364339","Terraforming Mars: Merger Promo Card","False"
"167791","Terraforming Mars","401114","Terraforming Mars: Milestones & Awards","False"
"167791","Terraforming Mars","427580","Terraforming Mars: Neptunian Power Consultants Promo Card","False"
"167791","Terraforming Mars","468570","Terraforming Mars: New Holland","False"
"167791","Terraforming Mars","358525","Terraforming Mars: New Partner Promo Card","False"
"167791","Terraforming Mars","352525","Terraforming Mars: Outdoor Sports Promo Card","False"
"167791","Terraforming Mars","230241","Terraforming Mars: Penguins Promo Card","False"
"167791","Terraforming Mars","387809","Terraforming Mars: Prelude 2","False"
"167791","Terraforming Mars","406019","Terraforming Mars: Prelude 2 Kickstarter Promo Pack","False"
"167791","Terraforming Mars","440206","Terraforming Mars: Protected Growth Promo Card","False"
"167791","Terraforming Mars","433855","Terraforming Mars: Public Baths Promo Card","False"
"167791","Terraforming Mars","427581","Terraforming Mars: Red Ships Promo Card","False"
"167791","Terraforming Mars","381423","Terraforming Mars: Robot Pollinators Promo Card","False"
"167791","Terraforming Mars","230123","Terraforming Mars: Self-Replicating Robots Promo Card","False"
"167791","Terraforming Mars","202825","Terraforming Mars: Small Asteroid Promo Card","False"
"167791","Terraforming Mars","226297","Terraforming Mars: Snow Algae Promo Card","False"
"167791","Terraforming Mars","416029","Terraforming Mars: Soil Enrichment Promo Card","False"
"167791","Terraforming Mars","427689","Terraforming Mars: Solar Logistics Promo Card","False"
"167791","Terraforming Mars","427690","Terraforming Mars: St. Joseph of Cupertino Mission Promo Card","False"
"167791","Terraforming Mars","453471","Terraforming Mars: Static Harvesting Promo Card","False"
"167791","Terraforming Mars","472005","Terraforming Mars: Sterling Vents Promo Card","False"
"167791","Terraforming Mars","427693","Terraforming Mars: Strategic Base Planning Promo Card","False"
"167791","Terraforming Mars","390472","Terraforming Mars: Supercapacitors Promo Card","False"
"167791","Terraforming Mars","422435","Terraforming Mars: Supermarkets Promo Card","False"
"167791","Terraforming Mars","365385","Terraforming Mars: Terra Cimmeria – Big Board Edition","False"
"167791","Terraforming Mars","427691","Terraforming Mars: Teslaract Promo Card","False"
"167791","Terraforming Mars","279345","Terraforming Mars: Turmoil Promos","False"
"167791","Terraforming Mars","427694","Terraforming Mars: Tycho Magnetics Promo Card","False"
"167791","Terraforming Mars","428511","Terraforming Mars: Utopia & Cimmeria","False"
"167791","Terraforming Mars","359145","Terraforming Mars: Utopia Planitia – Big Board Edition","False"
"167791","Terraforming Mars","365384","Terraforming Mars: Vastitas Borealis – Big Board Edition","False"
"167791","Terraforming Mars","447539","Terraforming Mars: Vermin Promo Card","False"
"167791","Terraforming Mars","459369","Terraforming Mars: Weather Balloons","False"
"328871","Terraforming Mars: Ares Expedition","358738","Terraforming Mars: Ares Expedition – Crisis","False"
"328871","Terraforming Mars: Ares Expedition","358739","Terraforming Mars: Ares Expedition – Discovery","False"
"328871","Terraforming Mars: Ares Expedition","358741","Terraforming Mars: Ares Expedition – Discovery · Foundations · Crisis","False"
"328871","Terraforming Mars: Ares Expedition","358740","Terraforming Mars: Ares Expedition – Foundations","False"
"328871","Terraforming Mars: Ares Expedition","381143","Terraforming Mars: Ares Expedition – Orbital Outpost MVM Promo Card","False"
"328871","Terraforming Mars: Ares Expedition","376868","Terraforming Mars: Ares Expedition – Private Investor Beach Promo Card","False"
"328871","Terraforming Mars: Ares Expedition","371070","Terraforming Mars: Ares Expedition – Promo Cards #2","False"
"328871","Terraforming Mars: Ares Expedition","376937","Terraforming Mars: Ares Expedition – Tourism Promo Card","False"
"296108","Terraforming Mars: The Dice Game","453392","Terraforming Mars: The Dice Game – Missions","False"
"296108","Terraforming Mars: The Dice Game","380939","Terraforming Mars: The Dice Game – Promos","False"
"283317","The 7th Continent: Classic Edition","312514","The 7th Continent: A Prison of Clouds","False"
"283317","The 7th Continent: Classic Edition","186151","The 7th Continent: Action Deck Discard","False"
"283317","The 7th Continent: Classic Edition","234094","The 7th Continent: BGG Promo Cards","False"
"283317","The 7th Continent: Classic Edition","236854","The 7th Continent: Comfort Creatures","False"
"283317","The 7th Continent: Classic Edition","186987","The 7th Continent: Facing the Elements","False"
"283317","The 7th Continent: Classic Edition","186381","The 7th Continent: Fear the Devourers","False"
"283317","The 7th Continent: Classic Edition","312515","The 7th Continent: Forgotten Passages","False"
"283317","The 7th Continent: Classic Edition","185743","The 7th Continent: Path of Repentance","False"
"283317","The 7th Continent: Classic Edition","186844","The 7th Continent: Print & Play Demo","False"
"283317","The 7th Continent: Classic Edition","184904","The 7th Continent: Swamp of Madness","False"
"283317","The 7th Continent: Classic Edition","311177","The 7th Continent: The Crystal's Song","False"
"283317","The 7th Continent: Classic Edition","237497","The 7th Continent: The Flying Roots","False"
"283317","The 7th Continent: Classic Edition","184186","The 7th Continent: The Forbidden Sanctuary","False"
"283317","The 7th Continent: Classic Edition","183660","The 7th Continent: The Icy Maze","False"
"283317","The 7th Continent: Classic Edition","312513","The 7th Continent: The Veins of the Earth","False"
"283317","The 7th Continent: Classic Edition","236206","The 7th Continent: What Goes Up, Must Come Down","False"
"324856","The Crew: Mission Deep Sea","350373","The Crew: Mission Deep Sea – Captain for the Day","False"
"284083","The Crew: The Quest for Planet Nine","307204","The Crew: Flight to the ISS","False"
"284083","The Crew: The Quest for Planet Nine","311184","The Crew: The Deimos Adventure","False"
"292375","The Great Wall","297874","The Great Wall: Ancient Beasts","False"
"292375","The Great Wall","295618","The Great Wall: Black Powder","False"
"292375","The Great Wall","295619","The Great Wall: Iron Dragon","False"
"292375","The Great Wall","349733","The Great Wall: Stretch Goals","False"
"292375","The Great Wall","376875","The Great Wall: The Endless Tide Scenario","False"
"319966","The King Is Dead: Second Edition","343584","The King Is Dead: Second Edition – Betray Promo Card","False"
"172047","The Others","186076","The Others: 7 Sins – Apocalypse Expansion","False"
"172047","The Others","272899","The Others: 7 Sins – Apocalypse Extras","False"
"172047","The Others","186105","The Others: 7 Sins – Beta Team Expansion","False"
"172047","The Others","186079","The Others: 7 Sins – Delta Team Expansion","False"
"172047","The Others","186094","The Others: 7 Sins – Envy Expansion","False"
"172047","The Others","186078","The Others: 7 Sins – Gamma Team Expansion","False"
"172047","The Others","186090","The Others: 7 Sins – Gluttony Expansion","False"
"172047","The Others","186092","The Others: 7 Sins – Greed Expansion","False"
"172047","The Others","186091","The Others: 7 Sins – Lust Expansion","False"
"172047","The Others","186086","The Others: 7 Sins – Men of FAITH","False"
"172047","The Others","186106","The Others: 7 Sins – Omega Team Expansion","False"
"172047","The Others","186085","The Others: 7 Sins – Sons of Ragnarok Expansion","False"
"172047","The Others","186093","The Others: 7 Sins – Wrath Expansion","False"
"41114","The Resistance","157927","The Resistance: Additional Plot Cards","False"
"41114","The Resistance","162890","The Resistance: Hidden Agenda","False"
"41114","The Resistance","163322","The Resistance: Hidden Agenda & Hostile Intent","False"
"41114","The Resistance","162889","The Resistance: Hostile Intent","False"
"41114","The Resistance","151522","The Resistance: Inquisitor Tile Promo","False"
"41114","The Resistance","140771","The Resistance: Merlin/Assassin Promo","False"
"41114","The Resistance","200630","The Resistance: The Plot Thickens","False"
"41114","The Resistance","443054","レジスタンス：狼と犬","False"
"295293","The Thing: The Boardgame","360978","The Thing: Human Miniatures Set 2","False"
"14996","Ticket to Ride: Europe","106637","Ticket to Ride Map Collection 1: Asia + Legendary Asia","False"
"14996","Ticket to Ride: Europe","106645","Ticket to Ride Map Collection 2: India & Switzerland","False"
"14996","Ticket to Ride: Europe","131188","Ticket to Ride Map Collection 3: The Heart of Africa","False"
"14996","Ticket to Ride: Europe","147938","Ticket to Ride Map Collection 4: Nederland","False"
"14996","Ticket to Ride: Europe","182078","Ticket to Ride Map Collection 5: United Kingdom & Pennsylvania","False"
"14996","Ticket to Ride: Europe","233891","Ticket to Ride Map Collection 6: France & Old West","False"
"14996","Ticket to Ride: Europe","283595","Ticket to Ride Map Collection 6½: Poland","False"
"14996","Ticket to Ride: Europe","288679","Ticket to Ride Map Collection 7: Japan & Italy","False"
"14996","Ticket to Ride: Europe","414268","Ticket to Ride Map Collection 8: Iberia & South Korea","False"
"14996","Ticket to Ride: Europe","89848","Ticket to Ride: Alvin & Dexter","False"
"14996","Ticket to Ride: Europe","53383","Ticket to Ride: Europa 1912","False"
"14996","Ticket to Ride: Europe","243684","Ticket to Ride: Europe – London/København","False"
"14996","Ticket to Ride: Europe","185306","Ticket to Ride: Europe – Orient Express","False"
"14996","Ticket to Ride: Europe","360549","Ticket To Ride: Italia – Commemorazione Per il Centenario del Milite Ignoto 1921 - 2021","False"
"14996","Ticket to Ride: Europe","478443","Ticket to Ride: Legendary Characters","False"
"14996","Ticket to Ride: Europe","310711","Ticket to Ride: Stay at Home","False"
"14996","Ticket to Ride: Europe","30746","Ticket to Ride: Switzerland","False"
"14996","Ticket to Ride: Europe","38454","Ticket to Ride: The Dice Expansion","False"
"253284","Ticket to Ride: New York","407172","Tåg till Rydberg (fan expedition for Ticket to Ride)","False"
"291508","Tiny Epic Dinosaurs","297175","Tiny Epic Dinosaurs: Laboratory Mini Expansion","False"
"331787","Tiny Epic Dungeons","356827","Tiny Epic Dungeons: Potions & Perils Mini Expansion","False"
"331787","Tiny Epic Dungeons","334888","Tiny Epic Dungeons: Stories","False"
"163967","Tiny Epic Galaxies","200544","Tiny Epic Galaxies: Beyond the Black","False"
"163967","Tiny Epic Galaxies","316175","Tiny Epic Galaxies: Beyond the Black – Deluxe Edition","False"
"163967","Tiny Epic Galaxies","209730","Tiny Epic Galaxies: Beyond the Black – Drones Mini Expansion","False"
"163967","Tiny Epic Galaxies","171661","Tiny Epic Galaxies: Satellites & Super Weapons Mini Expansion","False"
"148951","Tiny Epic Kingdoms","196832","Tiny Epic Kingdoms: 2nd Edition – Deluxe Promo Pack","False"
"148951","Tiny Epic Kingdoms","155530","Tiny Epic Kingdoms: Deluxe Promo Pack","False"
"148951","Tiny Epic Kingdoms","174738","Tiny Epic Kingdoms: Heroes' Call","False"
"148951","Tiny Epic Kingdoms","195621","Tiny Epic Kingdoms: Heroes' Call – Deluxe Edition","False"
"360896","Tiny Epic Vikings","406966","Tiny Epic Vikings: Game Boy Geek Promo Card","False"
"260923","Titan","355759","Titan: For Science!","False"
"260923","Titan","355754","Titan: It came from below!","False"
"260923","Titan","355755","Titan: Starbot","False"
"260923","Titan","355763","Titan: The E-Team","False"
"300442","Trekking the World","321147","Trekking the World: All Who Wander – The Lost Journey Cards","False"
"281442","Trismegistus: The Ultimate Formula","301357","Trismegistus: The Ultimate Formula – Alchemists","False"
"281442","Trismegistus: The Ultimate Formula","305650","Trismegistus: The Ultimate Formula – Teotihuacan: Shadow of Xitle Promo Tile","False"
"299450","Tsukuyumi: Full Moon Down (Second Edition)","334031","Tsukuyumi: Event Horizon","False"
"299450","Tsukuyumi: Full Moon Down (Second Edition)","288339","Tsukuyumi: Full Moon Down – Leadership Cards","False"
"299450","Tsukuyumi: Full Moon Down (Second Edition)","333155","Tsukuyumi: Full Moon Down (Second Edition) – After the Moonfall Expansion","False"
"299450","Tsukuyumi: Full Moon Down (Second Edition)","427711","Tsukuyumi: Full Moon Down (Second Edition) – Amaterasu Rising","False"
"299450","Tsukuyumi: Full Moon Down (Second Edition)","439026","Tsukuyumi: Full Moon Down (Second Edition) – Forces of Nature","False"
"299450","Tsukuyumi: Full Moon Down (Second Edition)","342635","Tsukuyumi: Full Moon Down (Second Edition) – Kickstarter Exclusives","False"
"299450","Tsukuyumi: Full Moon Down (Second Edition)","439029","Tsukuyumi: Full Moon Down (Second Edition) – New Dawn","False"
"299450","Tsukuyumi: Full Moon Down (Second Edition)","439033","Tsukuyumi: Full Moon Down (Second Edition) – Scenario Booklet","False"
"269210","Twice as Clever!","288002","Doppelt so Clever: Challenge I","False"
"233078","Twilight Imperium: Fourth Edition","315895","Twilight Imperium: Fourth Edition – Prophecy of Kings","False"
"233078","Twilight Imperium: Fourth Edition","451388","Twilight Imperium: Fourth Edition – Thunder's Edge","False"
"233078","Twilight Imperium: Fourth Edition","332157","Twilight Imperium: Fourth Edition – Twilight Codex Volume I: Ordinian","False"
"233078","Twilight Imperium: Fourth Edition","336970","Twilight Imperium: Fourth Edition – Twilight Codex Volume II: Affinity","False"
"233078","Twilight Imperium: Fourth Edition","362201","Twilight Imperium: Fourth Edition – Twilight Codex Volume III: Vigil","False"
"233078","Twilight Imperium: Fourth Edition","449027","Twilight Imperium: Fourth Edition – Twilight Codex Volume IV: Liberation","False"
"361545","Twilight Inscription","377536","Twilight Inscription: The Council Keleres Faction","False"
"126163","Tzolk'in: The Mayan Calendar","134380","Tzolk'in: The Mayan Calendar – Mini Expansion 1","False"
"126163","Tzolk'in: The Mayan Calendar","142580","Tzolk'in: The Mayan Calendar – Mini Expansion 2","False"
"126163","Tzolk'in: The Mayan Calendar","143065","Tzolk'in: The Mayan Calendar – Tribes & Prophecies","False"
"126163","Tzolk'in: The Mayan Calendar","149801","Tzolk'in: The Mayan Calendar – Tribes & Prophecies: Ek Chuah","False"
"268864","Undaunted: Normandy","389251","Undaunted: Normandy – Promo Scenario 13: Castle Itter","False"
"268864","Undaunted: Normandy","416844","Undaunted: Normandy – Promo Scenario 14: Night Owls","False"
"268864","Undaunted: Normandy","416845","Undaunted: Normandy – Promo Scenario 15: Entrapment","False"
"268864","Undaunted: Normandy","336346","Undaunted: Normandy – Promo Scenario 16: The Bridge at La Fière","False"
"268864","Undaunted: Normandy","416847","Undaunted: Normandy – Promo Scenario 17: Battle of San Pietro","False"
"290359","Undaunted: North Africa","440479","Undaunted: North Africa – Promo Scenario 12: The Prize","False"
"306735","Under Falling Skies","333485","Under Falling Skies: Berlin City promo tile","False"
"306735","Under Falling Skies","338126","Under Falling Skies: Cullompton City promo tile","False"
"306735","Under Falling Skies","349120","Under Falling Skies: Essen City promo tile","False"
"306735","Under Falling Skies","368520","Under Falling Skies: Kyiv City promo tile","False"
"306735","Under Falling Skies","337305","Under Falling Skies: Prague City Promo Tile","False"
"340466","Unfathomable","416590","Unfathomable: From the Abyss","False"
"290484","Unsettled","358003","Unsettled: Blackout","False"
"290484","Unsettled","358004","Unsettled: Gniir","False"
"290484","Unsettled","341037","Unsettled: Kaelyfos","False"
"290484","Unsettled","358002","Unsettled: Koguya","False"
"290484","Unsettled","458932","Unsettled: LUNA","False"
"290484","Unsettled","405580","Unsettled: Luna's Synthesizer","False"
"290484","Unsettled","358009","Unsettled: Scientific Fascinations","False"
"290484","Unsettled","358008","Unsettled: Scientific Specializations","False"
"290484","Unsettled","341036","Unsettled: Strannos","False"
"290484","Unsettled","358007","Unsettled: Survival Task Pack 1","False"
"290484","Unsettled","409629","Unsettled: Survival Task Pack 2","False"
"290484","Unsettled","425732","Unsettled: Taawa","False"
"290484","Unsettled","425733","Unsettled: Vo'qorr","False"
"290484","Unsettled","341024","Unsettled: Yendraal","False"
"234190","Unstable Unicorns","349072","Unstable Unicorns:  Nightmares Expansion Pack","False"
"234190","Unstable Unicorns","311080","Unstable Unicorns: Adventures","False"
"234190","Unstable Unicorns","240977","Unstable Unicorns: Apocalypse Expansion Pack","False"
"234190","Unstable Unicorns","437475","Unstable Unicorns: Chimeracorn Promo Card","False"
"234190","Unstable Unicorns","325789","Unstable Unicorns: Christmas Special Expansion Pack","False"
"234190","Unstable Unicorns","255128","Unstable Unicorns: Cosplay Unicorn Promo Card","False"
"234190","Unstable Unicorns","293204","Unstable Unicorns: Creature Master Unicorn Promo Card","False"
"234190","Unstable Unicorns","437476","Unstable Unicorns: Cursed Ritual Unicorn","False"
"234190","Unstable Unicorns","437511","Unstable Unicorns: Dark Matron Unicorn Promo Card","False"
"234190","Unstable Unicorns","287936","Unstable Unicorns: Disaster Relief Unicorn Promo Card","False"
"234190","Unstable Unicorns","437513","Unstable Unicorns: Draconic Unicorn Promo Card","False"
"234190","Unstable Unicorns","243567","Unstable Unicorns: Dragons Expansion Pack","False"
"234190","Unstable Unicorns","437514","Unstable Unicorns: Espresso Oracle Unicorn Promo Card","False"
"234190","Unstable Unicorns","400994","Unstable Unicorns: Golden Glazed Unicorn Promo Card","False"
"234190","Unstable Unicorns","242237","Unstable Unicorns: Kickstarter Exclusive Cards","False"
"234190","Unstable Unicorns","437515","Unstable Unicorns: Mystic Rainbow Unicorn Promo Card","False"
"234190","Unstable Unicorns","240976","Unstable Unicorns: NSFW Pack","False"
"234190","Unstable Unicorns","437517","Unstable Unicorns: Portal Master Unicorn Promo Card","False"
"234190","Unstable Unicorns","243566","Unstable Unicorns: Rainbow Apocalypse Expansion Pack","False"
"234190","Unstable Unicorns","281323","Unstable Unicorns: Rainbow Sprinkles Expansion Pack","False"
"234190","Unstable Unicorns","368273","Unstable Unicorns: Respawn Unicorn","False"
"234190","Unstable Unicorns","437518","Unstable Unicorns: Sentinel Unicorn Promo Card","False"
"234190","Unstable Unicorns","437519","Unstable Unicorns: Siren Unicorn Promo Card","False"
"234190","Unstable Unicorns","400996","Unstable Unicorns: Soul Sucking Unicorn Promo Card","False"
"234190","Unstable Unicorns","295104","Unstable Unicorns: Steampunk Unicorn Promo Card","False"
"234190","Unstable Unicorns","380328","Unstable Unicorns: Sugar Raid Unicorn Promo Card","False"
"234190","Unstable Unicorns","368271","Unstable Unicorns: Titanium Unicorn","False"
"234190","Unstable Unicorns","414558","Unstable Unicorns: Unicorn of Illusions Promo Card","False"
"234190","Unstable Unicorns","263578","Unstable Unicorns: Unicorns of Legend Expansion Pack","False"
"234190","Unstable Unicorns","437507","Unstable Unicorns: Zombie Knight Unicorn Promo Card","False"
"429895","Vestige","435756","Vestige: 5th and 6th Player Mob Box","False"
"429895","Vestige","435900","Vestige: Bone","False"
"429895","Vestige","435895","Vestige: Chop Box Module","False"
"429895","Vestige","472498","Vestige: Community Scrap Pack","False"
"429895","Vestige","435713","Vestige: Cultivation of Power Scrap Pack","False"
"429895","Vestige","435753","Vestige: Followers of the Codex Scrap Pack","False"
"429895","Vestige","435755","Vestige: Map Region Module","False"
"429895","Vestige","435896","Vestige: Scarlet Sage","False"
"429895","Vestige","435667","Vestige: Shrouded Underworld Scrap Pack","False"
"429895","Vestige","435794","Vestige: The Ascendent Machine Scrap Pack","False"
"429895","Vestige","435701","Vestige: The Scavengers Scrap Pack","False"
"429895","Vestige","435711","Vestige: Treachery Scrap Pack","False"
"241724","Villagers","326790","Villagers: Dice Tower Promo Cards","False"
"241724","Villagers","266990","Villagers: Kickstarter Expansion Pack","False"
"241724","Villagers","439490","Villagers: Promo Deck","False"
"241724","Villagers","292414","Villagers: Promo Pack 1","False"
"241724","Villagers","343229","Villagers: Shifting Seasons Stretch Goal Pack","False"
"380707","Vindication: Archive of the Ancients","427302","Vindication: Dreams & Nightmares","False"
"380707","Vindication: Archive of the Ancients","352379","Vindication: Overgrowth Promo Pack","False"
"380707","Vindication: Archive of the Ancients","398698","Vindication: Penitence Promo Pack","False"
"380707","Vindication: Archive of the Ancients","404514","Vindication: Remnants of the Ancients","False"
"296151","Viscounts of the West Kingdom","322276","Viscounts of the West Kingdom: Courier","False"
"296151","Viscounts of the West Kingdom","354693","Viscounts of the West Kingdom: Crossover Promo Pack","False"
"296151","Viscounts of the West Kingdom","372386","Viscounts of the West Kingdom: Dice Tower 2022 Pack","False"
"296151","Viscounts of the West Kingdom","343468","Viscounts of the West Kingdom: Gates of Gold","False"
"296151","Viscounts of the West Kingdom","343470","Viscounts of the West Kingdom: Keeper of Keys","False"
"296151","Viscounts of the West Kingdom","304627","Viscounts of the West Kingdom: King Dan","False"
"296151","Viscounts of the West Kingdom","430462","Viscounts of the West Kingdom: Principi Promo Card","False"
"296151","Viscounts of the West Kingdom","330373","Viscounts of the West Kingdom: Suzerain","False"
"296151","Viscounts of the West Kingdom","296152","The West Kingdom Tomesaga","False"
"296151","Viscounts of the West Kingdom","454506","West Kingdom Trilogy: Promo Pack 2","False"
"337627","Voidfall","455819","Voidfall: Resurgence","False"
"337627","Voidfall","380061","Voidfall: Stellar Nursery Promo","False"
"337627","Voidfall","465117","Voidfall: The Last Novarch","False"
"115746","War of the Ring: Second Edition","407813","War of the Ring: Kings and Lords of Middle-Earth – Limited Edition","False"
"115746","War of the Ring: Second Edition","299490","War of the Ring: Kings of Middle-earth","False"
"115746","War of the Ring: Second Edition","132430","War of the Ring: Lords of Middle-earth – Treebeard Mini-Expansion","False"
"115746","War of the Ring: Second Edition","188886","War of the Ring: Scenario – The Breaking of the Fellowship","False"
"115746","War of the Ring: Second Edition","463030","War of the Ring: Sieges of Middle-earth","False"
"115746","War of the Ring: Second Edition","339076","War of the Ring: The Fate of Erebor","False"
"115746","War of the Ring: Second Edition","409927","War of the Ring: The Seeing Stones","False"
"115746","War of the Ring: Second Edition","210039","War of the Ring: Warriors of Middle-earth – Tidings Not Burdens Mini-Expansion","False"
"362944","War of the Ring: The Card Game","388470","War of the Ring: The Card Game – Against the Shadow","False"
"362944","War of the Ring: The Card Game","416117","War of the Ring: The Card Game – Against the Shadow: Promo Cards","False"
"362944","War of the Ring: The Card Game","397827","War of the Ring: The Card Game – Fire and Swords","False"
"362944","War of the Ring: The Card Game","423219","War of the Ring: The Card Game – Fire and Swords: Promo Cards","False"
"362944","War of the Ring: The Card Game","463092","War of the Ring: The Card Game – Hope and Despair","False"
"362944","War of the Ring: The Card Game","475911","War of the Ring: The Card Game – Hope and Despair: Promo Cards","False"
"362944","War of the Ring: The Card Game","379901","War of the Ring: The Card Game – Pre-Order Promo Cards","False"
"226631","War of the Worlds: The New Wave","275980","War of the Worlds: The New Wave – The Irish Sea","False"
"226631","War of the Worlds: The New Wave","344991","War of the Worlds: The New Wave Promo Cards","False"
"296237","Warp's Edge","321438","Warp's Edge: Viren Invasion","False"
"274364","Watergate","320416","Watergate: Change in History","False"
"237179","Weather Machine","369931","Weather Machine: Upgrade Pack","False"
"232524","Welcome to Dino World","281102","Welcome to Dino World:  Kickstarter Expansions","False"
"232524","Welcome to Dino World","281103","Welcome to Dino World: Public Objective Cards","False"
"232524","Welcome to Dino World","309233","Welcome to Dinoworld: Dice Tower Duo Promo","False"
"233867","Welcome To...","319605","Welcome to La Petite Mort","False"
"233867","Welcome To...","265375","Welcome To...: Doomsday Thematic Neighborhood","False"
"233867","Welcome To...","342515","Welcome To...: Dry Erase Expansions","False"
"233867","Welcome To...","271874","Welcome To...: Easter Egg Hunt & Doomsday Thematic Neighborhoods","False"
"233867","Welcome To...","283991","Welcome To...: Halloween & Christmas Lights Thematic Neighborhoods","False"
"233867","Welcome To...","265377","Welcome To...: Halloween Thematic Neighborhood","False"
"233867","Welcome To...","272257","Welcome To...: Ice Cream Truck & Outbreak Thematic Neighborhoods","False"
"233867","Welcome To...","265376","Welcome To...: Outbreak Thematic Neighborhood","False"
"233867","Welcome To...","309432","Welcome To...: Quack","False"
"233867","Welcome To...","253324","Welcome To...: Scoring Pad & Goodies","False"
"233867","Welcome To...","276944","Welcome To...: Solo Mode","False"
"233867","Welcome To...","278207","Welcome To...: Spring Thematic Neighborhood","False"
"233867","Welcome To...","278208","Welcome To...: Summer Thematic Neighborhood","False"
"233867","Welcome To...","265374","Welcome To...: Winter Wonderland Thematic Neighborhood","False"
"82222","Xia: Legends of a Drift System","298077","Xia: Balanced Economy Promo Card","False"
"82222","Xia: Legends of a Drift System","200200","Xia: Print and Play Mini Expansion","False"
"322589","Zapotec","350461","Loot Box #1","False"
"322589","Zapotec","350459","Zapotec: Asymmetrical Player Boards","False"
"322589","Zapotec","350471","Zapotec: Quick Start","False"
"62871","Zombie Dice","110279","Zombie Dice 2: Double Feature","False"
"62871","Zombie Dice","155148","Zombie Dice 3: School Bus","False"
